"ASV","species","average","overall","sd","ratio","ava","avb","ord","cusum","p","Comparison","Position","Kingdom","Phylum","Class","Order","Family","Genus","Species"
"ASV_10789","ASV_10789",0.077204036371701,0.909624972277667,0.0803710383429841,0.960595233848195,28.796,2117.474,9232,1,0.031,"control_1931-1962_latrine_1931-1962",10789,"Eukaryota","Archaeplastida","Streptophyta","Streptophyta_X","Embryophyceae","Embryophyceae_X","Embryophyceae_XX"
"ASV_19057","ASV_19057",0.0698782435129741,0.909624972277667,0.0600664469696808,1.16334904157467,9.063,1899.549,18642,1,0.008,"control_1931-1962_latrine_1931-1962",19057,"Eukaryota","Obazoa","Opisthokonta","Metazoa","Arthropoda","Chelicerata","Arachnida"
"ASV_17311","ASV_17311",0.0260732239225253,0.909624972277667,0.0301067657006228,0.866025403784439,0,705.385,16630,1,0.016,"control_1931-1962_latrine_1931-1962",17311,"Eukaryota","Obazoa","Opisthokonta","Fungi",NA,NA,NA
"ASV_19401","ASV_19401",0.0251077105049161,0.909624972277667,0.028991886837497,0.866025403784439,679.264,0,19025,1,0.001,"control_1931-1962_latrine_1931-1962",19401,"Eukaryota","Obazoa","Opisthokonta","Fungi","Basidiomycota","Agaricomycotina","Agaricomycetes"
"ASV_16163","ASV_16163",0.0186728764692837,0.909624972277667,0.000478530007791124,39.0213281617947,4.32,509.496,15319,1,0.44,"control_1931-1962_latrine_1931-1962",16163,"Eukaryota","Obazoa","Opisthokonta","Fungi","Ascomycota","Pezizomycotina","Eurotiomycetes"
"ASV_12749","ASV_12749",0.0180884527241813,0.909624972277667,0.0141354516364727,1.27965155902829,565.369,311.426,11457,1,0.287,"control_1931-1962_latrine_1931-1962",12749,"Eukaryota","Archaeplastida","Streptophyta","Streptophyta_X","Embryophyceae","Embryophyceae_X","Embryophyceae_XX"
"ASV_10647","ASV_10647",0.0179283285281289,0.909624972277667,0.00548559648011793,3.26825507364762,9.313,494.346,9085,1,0.009,"control_1931-1962_latrine_1931-1962",10647,"Eukaryota","Archaeplastida","Streptophyta","Streptophyta_X","Embryophyceae","Embryophyceae_X","Embryophyceae_XX"
"ASV_13123","ASV_13123",0.0170705625785466,0.909624972277667,0.0184513494725956,0.925166075462407,464.91,3.083,11873,1,0.025,"control_1931-1962_latrine_1931-1962",13123,"Eukaryota","TSAR","Stramenopiles","Gyrista","Chrysophyceae","Ochromonadales","Ochromonadaceae"
"ASV_18787","ASV_18787",0.0160871220521919,0.909624972277667,0.0143615206544148,1.12015450447768,437.089,122.919,18316,1,0.563,"control_1931-1962_latrine_1931-1962",18787,"Eukaryota","Obazoa","Opisthokonta","Metazoa","Arthropoda","Crustacea","Maxillopoda"
"ASV_18529","ASV_18529",0.015125341908775,0.909624972277667,0.0174652404452328,0.866025403784439,0,409.201,18013,1,0.022,"control_1931-1962_latrine_1931-1962",18529,"Eukaryota","Obazoa","Opisthokonta","Metazoa","Arthropoda","Hexapoda","Insecta"
"ASV_18787","ASV_18787",0.132533192873512,0.894400618516054,0.122861015522445,1.07872454341956,3681.14033333333,437.089,18262,1,0.143,"control_1984-2024_control_1931-1962",18787,"Eukaryota","Obazoa","Opisthokonta","Metazoa","Arthropoda","Crustacea","Maxillopoda"
"ASV_16783","ASV_16783",0.0690524013700993,0.894400618516054,0.0665193723368039,1.03807956906854,1944.654,226.412,15926,1,0.179,"control_1984-2024_control_1931-1962",16783,"Eukaryota","TSAR","Alveolata","Apicomplexa","Gregarinomorphea","Eugregarinorida","Polyplicariidae"
"ASV_19401","ASV_19401",0.0251077105049161,0.894400618516054,0.0262241483466603,0.957427107756338,0,679.264,18981,1,0.001,"control_1984-2024_control_1931-1962",19401,"Eukaryota","Obazoa","Opisthokonta","Fungi","Basidiomycota","Agaricomycotina","Agaricomycetes"
"ASV_12749","ASV_12749",0.0196896700426308,0.894400618516054,0.0162138598756911,1.2143727769691,268.205,565.369,11458,1,0.071,"control_1984-2024_control_1931-1962",12749,"Eukaryota","Archaeplastida","Streptophyta","Streptophyta_X","Embryophyceae","Embryophyceae_X","Embryophyceae_XX"
"ASV_13123","ASV_13123",0.016983588378798,0.894400618516054,0.0166308983974938,1.02120691094819,7.141,464.91,11870,1,0.017,"control_1984-2024_control_1931-1962",13123,"Eukaryota","TSAR","Stramenopiles","Gyrista","Chrysophyceae","Ochromonadales","Ochromonadaceae"
"ASV_4070","ASV_4070",0.0133425001848156,0.894400618516054,0.0139357869405669,0.957427107756338,0,360.968,1688,1,0.002,"control_1984-2024_control_1931-1962",4070,"Eukaryota",NA,NA,NA,NA,NA,NA
"ASV_18456","ASV_18456",0.013005211798625,0.894400618516054,0.0201159039694366,0.646513913487788,364.003,69.314,17889,1,0.295,"control_1984-2024_control_1931-1962",18456,"Eukaryota","Obazoa","Opisthokonta","Fungi",NA,NA,NA
"ASV_18831","ASV_18831",0.0121221261181341,0.894400618516054,0.0126254271625666,0.960135919525577,0.928,327.952,18310,1,0.021,"control_1984-2024_control_1931-1962",18831,"Eukaryota","Obazoa","Opisthokonta","Metazoa","Arthropoda","Chelicerata","Arachnida"
"ASV_16178","ASV_16178",0.0120642295655602,0.894400618516054,0.00668188977776892,1.80551160926041,0.906333333333333,327.292,15246,1,0.007,"control_1984-2024_control_1931-1962",16178,"Eukaryota","Obazoa","Opisthokonta","Fungi","Ascomycota","Pezizomycotina","Dothideomycetes"
"ASV_17700","ASV_17700",0.0115085754417092,0.894400618516054,0.0133309135454234,0.863299833315638,297.727,224.832,17042,1,0.213,"control_1984-2024_control_1931-1962",17700,"Eukaryota","TSAR","Rhizaria","Cercozoa","Filosa-Thecofilosea","Cryomonadida",NA
"ASV_18787","ASV_18787",0.134288805105838,0.892877621300609,0.127711777951942,1.05149898669777,3681.14033333333,177.4655,18169,1,0.035,"control_1984-2024_control_LIA-1931",18787,"Eukaryota","Obazoa","Opisthokonta","Metazoa","Arthropoda","Crustacea","Maxillopoda"
"ASV_16783","ASV_16783",0.0683833690643404,0.892877621300609,0.0654483790540171,1.04484434989446,1944.654,227.1605,15758,1,0.051,"control_1984-2024_control_LIA-1931",16783,"Eukaryota","TSAR","Alveolata","Apicomplexa","Gregarinomorphea","Eugregarinorida","Polyplicariidae"
"ASV_12749","ASV_12749",0.0156383529237821,0.892877621300609,0.0104859229103982,1.49136638304622,268.205,436.899,11212,1,0.274,"control_1984-2024_control_LIA-1931",12749,"Eukaryota","Archaeplastida","Streptophyta","Streptophyta_X","Embryophyceae","Embryophyceae_X","Embryophyceae_XX"
"ASV_18456","ASV_18456",0.0155118035533871,0.892877621300609,0.016746228521193,0.926286389425312,364.003,270.048,17798,1,0.225,"control_1984-2024_control_LIA-1931",18456,"Eukaryota","Obazoa","Opisthokonta","Fungi",NA,NA,NA
"ASV_11610","ASV_11610",0.0146905633178088,0.892877621300609,0.0245110815023862,0.599343742395809,23.682,385.5975,9820,1,0.036,"control_1984-2024_control_LIA-1931",11610,"Eukaryota","Obazoa","Opisthokonta",NA,NA,NA,NA
"ASV_10790","ASV_10790",0.01216319213425,0.892877621300609,0.0141485149362318,0.859679774808189,0,329.063,8877,1,0.008,"control_1984-2024_control_LIA-1931",10790,"Eukaryota","Archaeplastida","Streptophyta","Streptophyta_X","Embryophyceae","Embryophyceae_X","Embryophyceae_XX"
"ASV_17700","ASV_17700",0.0117325287696213,0.892877621300609,0.0132851672489562,0.88312992601151,297.727,214.6515,16901,1,0.302,"control_1984-2024_control_LIA-1931",17700,"Eukaryota","TSAR","Rhizaria","Cercozoa","Filosa-Thecofilosea","Cryomonadida",NA
"ASV_17443","ASV_17443",0.0107066053079027,0.892877621300609,0.0165862271204876,0.645511799044264,240.833,90.1335,16588,1,0.204,"control_1984-2024_control_LIA-1931",17443,"Eukaryota",NA,NA,NA,NA,NA,NA
"ASV_18448","ASV_18448",0.0105986299006924,0.892877621300609,0.00972541904928552,1.08978645002151,14.7353333333333,294.103,17789,1,0.001,"control_1984-2024_control_LIA-1931",18448,"Eukaryota","Obazoa","Opisthokonta","Fungi",NA,NA,NA
"ASV_19487","ASV_19487",0.010190433946921,0.892877621300609,0.00955688551007455,1.06629235394508,119.794666666667,261.2945,18993,1,0.034,"control_1984-2024_control_LIA-1931",19487,"Eukaryota","Obazoa","Opisthokonta","Fungi","Basidiomycota","Agaricomycotina","Agaricomycetes"
"ASV_18787","ASV_18787",0.134512431926271,0.955001121214361,0.132073330160944,1.01846778424042,3681.14033333333,122.919,18253,1,0.134,"control_1984-2024_latrine_1931-1962",18787,"Eukaryota","Obazoa","Opisthokonta","Metazoa","Arthropoda","Crustacea","Maxillopoda"
"ASV_10789","ASV_10789",0.0782112934624578,0.955001121214361,0.0726951677840693,1.0758802248696,1.54566666666667,2117.474,9094,1,0.011,"control_1984-2024_latrine_1931-1962",10789,"Eukaryota","Archaeplastida","Streptophyta","Streptophyta_X","Embryophyceae","Embryophyceae_X","Embryophyceae_XX"
"ASV_16783","ASV_16783",0.0708498928069786,0.955001121214361,0.0710329006920542,0.997423618023584,1944.654,48.136,15926,1,0.149,"control_1984-2024_latrine_1931-1962",16783,"Eukaryota","TSAR","Alveolata","Apicomplexa","Gregarinomorphea","Eugregarinorida","Polyplicariidae"
"ASV_19057","ASV_19057",0.0702132401862941,0.955001121214361,0.0543317250467911,1.29230647703208,0,1899.549,18582,1,0.005,"control_1984-2024_latrine_1931-1962",19057,"Eukaryota","Obazoa","Opisthokonta","Metazoa","Arthropoda","Chelicerata","Arachnida"
"ASV_17311","ASV_17311",0.0260732239225253,0.955001121214361,0.0272325942218474,0.957427107756338,0,705.385,16558,1,0.005,"control_1984-2024_latrine_1931-1962",17311,"Eukaryota","Obazoa","Opisthokonta","Fungi",NA,NA,NA
"ASV_16163","ASV_16163",0.0187231709420665,0.955001121214361,0.000422650286907178,44.29943980182,2.95933333333333,509.496,15213,1,0.587,"control_1984-2024_latrine_1931-1962",16163,"Eukaryota","Obazoa","Opisthokonta","Fungi","Ascomycota","Pezizomycotina","Eurotiomycetes"
"ASV_10647","ASV_10647",0.0167108129420172,0.955001121214361,0.00518650328685597,3.22198059420246,42.2516666666667,494.346,8938,1,0.005,"control_1984-2024_latrine_1931-1962",10647,"Eukaryota","Archaeplastida","Streptophyta","Streptophyta_X","Embryophyceae","Embryophyceae_X","Embryophyceae_XX"
"ASV_18529","ASV_18529",0.015125341908775,0.955001121214361,0.0157979043900482,0.957427107756338,0,409.201,17963,1,0.012,"control_1984-2024_latrine_1931-1962",18529,"Eukaryota","Obazoa","Opisthokonta","Metazoa","Arthropoda","Hexapoda","Insecta"
"ASV_12749","ASV_12749",0.0137507823858456,0.955001121214361,0.0111363939723653,1.23476076905755,268.205,311.426,11305,1,0.519,"control_1984-2024_latrine_1931-1962",12749,"Eukaryota","Archaeplastida","Streptophyta","Streptophyta_X","Embryophyceae","Embryophyceae_X","Embryophyceae_XX"
"ASV_18456","ASV_18456",0.013005211798625,0.955001121214361,0.0203561406819692,0.638883961444841,364.003,58.45,17885,1,0.292,"control_1984-2024_latrine_1931-1962",18456,"Eukaryota","Obazoa","Opisthokonta","Fungi",NA,NA,NA
"ASV_18787","ASV_18787",0.135214073909794,0.968430554528802,0.129667693399919,1.04277380405595,3681.14033333333,68.3836666666667,18079,1,0.005,"control_1984-2024_latrine_1984-2024",18787,"Eukaryota","Obazoa","Opisthokonta","Metazoa","Arthropoda","Crustacea","Maxillopoda"
"ASV_16783","ASV_16783",0.0709724871245164,0.968430554528802,0.0689519133301095,1.02930410044944,1944.654,46.466,15621,1,0.005,"control_1984-2024_latrine_1984-2024",16783,"Eukaryota","TSAR","Alveolata","Apicomplexa","Gregarinomorphea","Eugregarinorida","Polyplicariidae"
"ASV_16163","ASV_16163",0.0536439589955891,0.968430554528802,0.0521764364574754,1.02812615498013,2.95933333333333,1454.243,14901,1,0.001,"control_1984-2024_latrine_1984-2024",16163,"Eukaryota","Obazoa","Opisthokonta","Fungi","Ascomycota","Pezizomycotina","Eurotiomycetes"
"ASV_10789","ASV_10789",0.0242906943315016,0.968430554528802,0.0533300700053232,0.455478388254075,1.54566666666667,657.511333333333,8404,1,0.703,"control_1984-2024_latrine_1984-2024",10789,"Eukaryota","Archaeplastida","Streptophyta","Streptophyta_X","Embryophyceae","Embryophyceae_X","Embryophyceae_XX"
"ASV_16172","ASV_16172",0.0240031007942962,0.968430554528802,0.0518415342800571,0.463009074242039,27.0963333333333,633.131333333333,14912,1,0.459,"control_1984-2024_latrine_1984-2024",16172,"Eukaryota","Obazoa","Opisthokonta","Fungi","Ascomycota","Pezizomycotina","Dothideomycetes"
"ASV_14446","ASV_14446",0.0182505852492546,0.968430554528802,0.0167812239744777,1.08755983931873,0.966666666666667,494.718,12833,1,0.007,"control_1984-2024_latrine_1984-2024",14446,"Eukaryota","TSAR","Alveolata","Ciliophora","Spirotrichea",NA,NA
"ASV_18456","ASV_18456",0.0146399176954733,0.968430554528802,0.0168715916677856,0.867725937406755,364.003,218.169333333333,17685,1,0.247,"control_1984-2024_latrine_1984-2024",18456,"Eukaryota","Obazoa","Opisthokonta","Fungi",NA,NA,NA
"ASV_13169","ASV_13169",0.0134060151302334,0.968430554528802,0.0115039728936087,1.16533785799177,23.128,385.814333333333,11224,1,0.001,"control_1984-2024_latrine_1984-2024",13169,"Eukaryota","TSAR","Stramenopiles","Gyrista","Chrysophyceae","Ochromonadales","Ochromonadaceae"
"ASV_18754","ASV_18754",0.0133357646846225,0.968430554528802,0.015603445717145,0.854667932094591,4.03833333333333,361.460666666667,18037,1,0.014,"control_1984-2024_latrine_1984-2024",18754,"Eukaryota","Obazoa","Opisthokonta","Metazoa","Arthropoda","Chelicerata","Arachnida"
"ASV_18402","ASV_18402",0.0131981962001922,0.968430554528802,0.00771380535745909,1.71098382556799,1.134,358.198,17612,1,0.001,"control_1984-2024_latrine_1984-2024",18402,"Eukaryota","Obazoa","Opisthokonta","Fungi","Ascomycota","Pezizomycotina","Leotiomycetes"
"ASV_18787","ASV_18787",0.134575811340282,0.954703623616964,0.129402519804938,1.03997829055526,3681.14033333333,119.06,18066,1,0.038,"control_1984-2024_latrine_LIA-1931",18787,"Eukaryota","Obazoa","Opisthokonta","Metazoa","Arthropoda","Crustacea","Maxillopoda"
"ASV_16783","ASV_16783",0.0707844927429092,0.954703623616964,0.0689610963393777,1.02644094279705,1944.654,65.4655,15571,1,0.034,"control_1984-2024_latrine_LIA-1931",16783,"Eukaryota","TSAR","Alveolata","Apicomplexa","Gregarinomorphea","Eugregarinorida","Polyplicariidae"
"ASV_18556","ASV_18556",0.0453863014711318,0.954703623616964,0.0802947513427533,0.565246180007356,0.113,1227.8245,17785,1,0.129,"control_1984-2024_latrine_LIA-1931",18556,"Eukaryota","Obazoa","Opisthokonta","Metazoa",NA,NA,NA
"ASV_14396","ASV_14396",0.0207783507059954,0.954703623616964,0.0245867283610089,0.845104334375248,0,562.1375,12668,1,0.002,"control_1984-2024_latrine_LIA-1931",14396,"Eukaryota","TSAR","Alveolata","Ciliophora","Spirotrichea","Hypotrichia",NA
"ASV_12310","ASV_12310",0.0176348783913654,0.954703623616964,0.0312014515989197,0.565194165260439,0,477.094,10151,1,0.057,"control_1984-2024_latrine_LIA-1931",12310,"Eukaryota","Archaeplastida","Streptophyta","Streptophyta_X","Embryophyceae","Embryophyceae_X","Embryophyceae_XX"
"ASV_12311","ASV_12311",0.0137670707966782,0.954703623616964,0.0214411649237715,0.642085952214979,44.1533333333333,360.821,10152,1,0.03,"control_1984-2024_latrine_LIA-1931",12311,"Eukaryota","Archaeplastida","Streptophyta","Streptophyta_X","Embryophyceae","Embryophyceae_X","Embryophyceae_XX"
"ASV_18456","ASV_18456",0.0137088169340332,0.954703623616964,0.0189764676949443,0.722411417889193,364.003,115.8715,17675,1,0.34,"control_1984-2024_latrine_LIA-1931",18456,"Eukaryota","Obazoa","Opisthokonta","Fungi",NA,NA,NA
"ASV_12749","ASV_12749",0.0136906803676597,0.954703623616964,0.012810905760646,1.06867388016516,268.205,269.7905,10677,1,0.535,"control_1984-2024_latrine_LIA-1931",12749,"Eukaryota","Archaeplastida","Streptophyta","Streptophyta_X","Embryophyceae","Embryophyceae_X","Embryophyceae_XX"
"ASV_14414","ASV_14414",0.012354833542791,0.954703623616964,0.0137833828100818,0.896357136199839,0.507666666666667,334.5015,12690,1,0.002,"control_1984-2024_latrine_LIA-1931",14414,"Eukaryota","TSAR","Alveolata","Ciliophora","Spirotrichea",NA,NA
"ASV_17700","ASV_17700",0.0107429092432419,0.954703623616964,0.0163632348740556,0.656527228627335,297.727,37.651,16738,1,0.384,"control_1984-2024_latrine_LIA-1931",17700,"Eukaryota","TSAR","Rhizaria","Cercozoa","Filosa-Thecofilosea","Cryomonadida",NA
"ASV_19401","ASV_19401",0.0251077105049161,0.829084719449989,0.026841271564486,0.935414346693485,0,679.264,18916,1,0.001,"control_LIA-1931_control_1931-1962",19401,"Eukaryota","Obazoa","Opisthokonta","Fungi","Basidiomycota","Agaricomycotina","Agaricomycetes"
"ASV_12749","ASV_12749",0.0177181932431433,0.829084719449989,0.011130041966974,1.59192510645677,436.899,565.369,11298,1,0.237,"control_LIA-1931_control_1931-1962",12749,"Eukaryota","Archaeplastida","Streptophyta","Streptophyta_X","Embryophyceae","Embryophyceae_X","Embryophyceae_XX"
"ASV_13123","ASV_13123",0.016418810527094,0.829084719449989,0.0147664235775328,1.11190163555076,85.236,464.91,11728,1,0.08,"control_LIA-1931_control_1931-1962",13123,"Eukaryota","TSAR","Stramenopiles","Gyrista","Chrysophyceae","Ochromonadales","Ochromonadaceae"
"ASV_18787","ASV_18787",0.0161176535817254,0.829084719449989,0.0157869810022445,1.02094590342726,177.4655,437.089,18215,1,0.63,"control_LIA-1931_control_1931-1962",18787,"Eukaryota","Obazoa","Opisthokonta","Metazoa","Arthropoda","Crustacea","Maxillopoda"
"ASV_11610","ASV_11610",0.0142758926591262,0.829084719449989,0.0263486518948058,0.541807327225742,385.5975,1.245,10001,1,0.137,"control_LIA-1931_control_1931-1962",11610,"Eukaryota","Obazoa","Opisthokonta",NA,NA,NA,NA
"ASV_4070","ASV_4070",0.0133425001848156,0.829084719449989,0.0142350527945033,0.937298960350017,0.728,360.968,1225,1,0.004,"control_LIA-1931_control_1931-1962",4070,"Eukaryota",NA,NA,NA,NA,NA,NA
"ASV_10790","ASV_10790",0.01216319213425,0.829084719449989,0.0143883485617945,0.845350116589963,329.063,12.198,8988,1,0.085,"control_LIA-1931_control_1931-1962",10790,"Eukaryota","Archaeplastida","Streptophyta","Streptophyta_X","Embryophyceae","Embryophyceae_X","Embryophyceae_XX"
"ASV_18831","ASV_18831",0.0121221261181341,0.829084719449989,0.0128176190361353,0.945739304933278,3.6115,327.952,18264,1,0.019,"control_LIA-1931_control_1931-1962",18831,"Eukaryota","Obazoa","Opisthokonta","Metazoa","Arthropoda","Chelicerata","Arachnida"
"ASV_16178","ASV_16178",0.0119556257854661,0.829084719449989,0.00684372355517913,1.74694750439159,3.8445,327.292,15145,1,0.008,"control_LIA-1931_control_1931-1962",16178,"Eukaryota","Obazoa","Opisthokonta","Fungi","Ascomycota","Pezizomycotina","Dothideomycetes"
"ASV_4503","ASV_4503",0.0103848968729208,0.829084719449989,0.0111019217415571,0.935414346693485,0,280.953,1711,1,0.009,"control_LIA-1931_control_1931-1962",4503,"Eukaryota",NA,NA,NA,NA,NA,NA
"ASV_10789","ASV_10789",0.0781475197752643,0.914292415169661,0.0744060878350526,1.05028394919117,3.271,2117.474,8788,1,0.014,"control_LIA-1931_latrine_1931-1962",10789,"Eukaryota","Archaeplastida","Streptophyta","Streptophyta_X","Embryophyceae","Embryophyceae_X","Embryophyceae_XX"
"ASV_19057","ASV_19057",0.0702132401862941,0.914292415169661,0.0556102935077252,1.26259431046772,0,1899.549,18512,1,0.006,"control_LIA-1931_latrine_1931-1962",19057,"Eukaryota","Obazoa","Opisthokonta","Metazoa","Arthropoda","Chelicerata","Arachnida"
"ASV_17311","ASV_17311",0.0260732239225253,0.914292415169661,0.0278734488247794,0.935414346693485,0,705.385,16434,1,0.009,"control_LIA-1931_latrine_1931-1962",17311,"Eukaryota","Obazoa","Opisthokonta","Fungi",NA,NA,NA
"ASV_16163","ASV_16163",0.0188325571080062,0.914292415169661,0.000408824544810519,46.065133189923,0,509.496,15069,1,0.599,"control_LIA-1931_latrine_1931-1962",16163,"Eukaryota","Obazoa","Opisthokonta","Fungi","Ascomycota","Pezizomycotina","Eurotiomycetes"
"ASV_10647","ASV_10647",0.0178511680343018,0.914292415169661,0.00509981892014396,3.50035330936767,11.4005,494.346,8627,1,0.005,"control_LIA-1931_latrine_1931-1962",10647,"Eukaryota","Archaeplastida","Streptophyta","Streptophyta_X","Embryophyceae","Embryophyceae_X","Embryophyceae_XX"
"ASV_18529","ASV_18529",0.015125341908775,0.914292415169661,0.0161531589241441,0.936370525406469,0.4185,409.201,17872,1,0.007,"control_LIA-1931_latrine_1931-1962",18529,"Eukaryota","Obazoa","Opisthokonta","Metazoa","Arthropoda","Hexapoda","Insecta"
"ASV_11610","ASV_11610",0.0142528831226436,0.914292415169661,0.0263912113493048,0.540061724867322,385.5975,0,9678,1,0.155,"control_LIA-1931_latrine_1931-1962",11610,"Eukaryota","Obazoa","Opisthokonta",NA,NA,NA,NA
"ASV_10790","ASV_10790",0.01216319213425,0.914292415169661,0.014806933579718,0.821452468113366,329.063,0,8791,1,0.079,"control_LIA-1931_latrine_1931-1962",10790,"Eukaryota","Archaeplastida","Streptophyta","Streptophyta_X","Embryophyceae","Embryophyceae_X","Embryophyceae_XX"
"ASV_12749","ASV_12749",0.0118032823242404,0.914292415169661,0.00920694874038435,1.28199718028925,436.899,311.426,11106,1,0.673,"control_LIA-1931_latrine_1931-1962",12749,"Eukaryota","Archaeplastida","Streptophyta","Streptophyta_X","Embryophyceae","Embryophyceae_X","Embryophyceae_XX"
"ASV_18448","ASV_18448",0.0106103903304502,0.914292415169661,0.0101705901497843,1.04324234623447,294.103,14.099,17783,1,0.083,"control_LIA-1931_latrine_1931-1962",18448,"Eukaryota","Obazoa","Opisthokonta","Fungi",NA,NA,NA
"ASV_16163","ASV_16163",0.0537533451615288,0.954115392671447,0.0525529927670816,1.02284079994773,0,1454.243,14721,1,0.031,"control_LIA-1931_latrine_1984-2024",16163,"Eukaryota","Obazoa","Opisthokonta","Fungi","Ascomycota","Pezizomycotina","Eurotiomycetes"
"ASV_16172","ASV_16172",0.0243379660432222,0.954115392671447,0.0517222743270149,0.470550963968542,46.1325,633.131333333333,14731,1,0.357,"control_LIA-1931_latrine_1984-2024",16172,"Eukaryota","Obazoa","Opisthokonta","Fungi","Ascomycota","Pezizomycotina","Dothideomycetes"
"ASV_10789","ASV_10789",0.0242842093590597,0.954115392671447,0.0536884511923868,0.452317189632455,3.271,657.511333333333,8025,1,0.648,"control_LIA-1931_latrine_1984-2024",10789,"Eukaryota","Archaeplastida","Streptophyta","Streptophyta_X","Embryophyceae","Embryophyceae_X","Embryophyceae_XX"
"ASV_14446","ASV_14446",0.0182863162563761,0.954115392671447,0.0169023049713627,1.08188299095055,0,494.718,12613,1,0.03,"control_LIA-1931_latrine_1984-2024",14446,"Eukaryota","TSAR","Alveolata","Ciliophora","Spirotrichea",NA,NA
"ASV_12749","ASV_12749",0.0159181883147286,0.954115392671447,0.0102924185963586,1.54659355968677,436.899,6.24833333333333,10424,1,0.266,"control_LIA-1931_latrine_1984-2024",12749,"Eukaryota","Archaeplastida","Streptophyta","Streptophyta_X","Embryophyceae","Embryophyceae_X","Embryophyceae_XX"
"ASV_11610","ASV_11610",0.0142528831226436,0.954115392671447,0.0252176756213963,0.565194165260439,385.5975,0,8970,1,0.138,"control_LIA-1931_latrine_1984-2024",11610,"Eukaryota","Obazoa","Opisthokonta",NA,NA,NA,NA
"ASV_18754","ASV_18754",0.013316274857692,0.954115392671447,0.0156394642446464,0.851453390562941,7.0185,361.460666666667,17920,1,0.058,"control_LIA-1931_latrine_1984-2024",18754,"Eukaryota","Obazoa","Opisthokonta","Metazoa","Arthropoda","Chelicerata","Arachnida"
"ASV_18402","ASV_18402",0.0132401123678569,0.954115392671447,0.00776891148349972,1.70424291691022,0,358.198,17497,1,0.004,"control_LIA-1931_latrine_1984-2024",18402,"Eukaryota","Obazoa","Opisthokonta","Fungi","Ascomycota","Pezizomycotina","Leotiomycetes"
"ASV_10790","ASV_10790",0.01216319213425,0.954115392671447,0.0141485149362318,0.859679774808189,329.063,0,8026,1,0.004,"control_LIA-1931_latrine_1984-2024",10790,"Eukaryota","Archaeplastida","Streptophyta","Streptophyta_X","Embryophyceae","Embryophyceae_X","Embryophyceae_XX"
"ASV_17615","ASV_17615",0.0115574160321333,0.954115392671447,0.0263989985323697,0.437797517885457,0,312.674333333333,16523,1,0.161,"control_LIA-1931_latrine_1984-2024",17615,"Eukaryota","TSAR","Rhizaria","Cercozoa","Filosa-Thecofilosea","Cryomonadida",NA
"ASV_18556","ASV_18556",0.0453871239003475,0.922693917720115,0.0811805419879062,0.559088702648831,0.1575,1227.8245,17698,1,0.238,"control_LIA-1931_latrine_LIA-1931",18556,"Eukaryota","Obazoa","Opisthokonta","Metazoa",NA,NA,NA
"ASV_14396","ASV_14396",0.0207783507059954,0.922693917720115,0.0248584131651013,0.835867944103774,0,562.1375,12506,1,0.007,"control_LIA-1931_latrine_LIA-1931",14396,"Eukaryota","TSAR","Alveolata","Ciliophora","Spirotrichea","Hypotrichia",NA
"ASV_12310","ASV_12310",0.0176348783913654,0.922693917720115,0.0315462294864282,0.559016994374947,0,477.094,9891,1,0.111,"control_LIA-1931_latrine_LIA-1931",12310,"Eukaryota","Archaeplastida","Streptophyta","Streptophyta_X","Embryophyceae","Embryophyceae_X","Embryophyceae_XX"
"ASV_11610","ASV_11610",0.0142528831226436,0.922693917720115,0.0254963324300725,0.559016994374947,385.5975,0,9003,1,0.238,"control_LIA-1931_latrine_LIA-1931",11610,"Eukaryota","Obazoa","Opisthokonta",NA,NA,NA,NA
"ASV_12749","ASV_12749",0.0135858191025357,0.922693917720115,0.00980093842050408,1.38617533542639,436.899,269.7905,10460,1,0.531,"control_LIA-1931_latrine_LIA-1931",12749,"Eukaryota","Archaeplastida","Streptophyta","Streptophyta_X","Embryophyceae","Embryophyceae_X","Embryophyceae_XX"
"ASV_12311","ASV_12311",0.013224476971982,0.922693917720115,0.0226721354372565,0.583292077121704,6.605,360.821,9892,1,0.17,"control_LIA-1931_latrine_LIA-1931",12311,"Eukaryota","Archaeplastida","Streptophyta","Streptophyta_X","Embryophyceae","Embryophyceae_X","Embryophyceae_XX"
"ASV_14414","ASV_14414",0.0123346732461004,0.922693917720115,0.0132937407411333,0.927855709411774,21.827,334.5015,12529,1,0.009,"control_LIA-1931_latrine_LIA-1931",14414,"Eukaryota","TSAR","Alveolata","Ciliophora","Spirotrichea",NA,NA
"ASV_10790","ASV_10790",0.01216319213425,0.922693917720115,0.0143048568639665,0.850284085322711,329.063,0,8067,1,0.004,"control_LIA-1931_latrine_LIA-1931",10790,"Eukaryota","Archaeplastida","Streptophyta","Streptophyta_X","Embryophyceae","Embryophyceae_X","Embryophyceae_XX"
"ASV_18448","ASV_18448",0.0108709617801434,0.922693917720115,0.0101035087330549,1.07595906208084,294.103,0,17560,1,0.001,"control_LIA-1931_latrine_LIA-1931",18448,"Eukaryota","Obazoa","Opisthokonta","Fungi",NA,NA,NA
"ASV_10789","ASV_10789",0.0106979374584165,0.922693917720115,0.0170155960784218,0.628713646534133,3.271,291.0575,8066,1,0.591,"control_LIA-1931_latrine_LIA-1931",10789,"Eukaryota","Archaeplastida","Streptophyta","Streptophyta_X","Embryophyceae","Embryophyceae_X","Embryophyceae_XX"
"ASV_16163","ASV_16163",0.0535936645228062,0.951863039353392,0.053734365198219,0.997381551361149,1454.243,4.32,14956,1,0.109,"latrine_1984-2024_control_1931-1962",16163,"Eukaryota","Obazoa","Opisthokonta","Fungi","Ascomycota","Pezizomycotina","Eurotiomycetes"
"ASV_19401","ASV_19401",0.0251077105049161,0.951863039353392,0.0262241483466603,0.957427107756338,0,679.264,18852,1,0.001,"latrine_1984-2024_control_1931-1962",19401,"Eukaryota","Obazoa","Opisthokonta","Fungi","Basidiomycota","Agaricomycotina","Agaricomycetes"
"ASV_10789","ASV_10789",0.0242385722382396,0.951863039353392,0.054474835967993,0.444949889385277,657.511333333333,28.796,8469,1,0.528,"latrine_1984-2024_control_1931-1962",10789,"Eukaryota","Archaeplastida","Streptophyta","Streptophyta_X","Embryophyceae","Embryophyceae_X","Embryophyceae_XX"
"ASV_16172","ASV_16172",0.0234025036347059,0.951863039353392,0.0540930691264152,0.432634051139054,633.131333333333,0,14966,1,0.326,"latrine_1984-2024_control_1931-1962",16172,"Eukaryota","Obazoa","Opisthokonta","Fungi","Ascomycota","Pezizomycotina","Dothideomycetes"
"ASV_12749","ASV_12749",0.0206668391611838,0.951863039353392,0.0180449132596181,1.14530000027394,6.24833333333333,565.369,10798,1,0.058,"latrine_1984-2024_control_1931-1962",12749,"Eukaryota","Archaeplastida","Streptophyta","Streptophyta_X","Embryophyceae","Embryophyceae_X","Embryophyceae_XX"
"ASV_14446","ASV_14446",0.0182863162563761,0.951863039353392,0.0172821794802595,1.05810243883091,494.718,0,12923,1,0.116,"latrine_1984-2024_control_1931-1962",14446,"Eukaryota","TSAR","Alveolata","Ciliophora","Spirotrichea",NA,NA
"ASV_13123","ASV_13123",0.0171845198491905,0.951863039353392,0.0166894491469755,1.02966369338228,0,464.91,11251,1,0.009,"latrine_1984-2024_control_1931-1962",13123,"Eukaryota","TSAR","Stramenopiles","Gyrista","Chrysophyceae","Ochromonadales","Ochromonadaceae"
"ASV_18787","ASV_18787",0.0161433306227052,0.951863039353392,0.0153366981233628,1.05259492576917,68.3836666666667,437.089,18116,1,0.716,"latrine_1984-2024_control_1931-1962",18787,"Eukaryota","Obazoa","Opisthokonta","Metazoa","Arthropoda","Crustacea","Maxillopoda"
"ASV_18754","ASV_18754",0.0133607106774106,0.951863039353392,0.0161794605749867,0.825782207972134,361.460666666667,0,18071,1,0.195,"latrine_1984-2024_control_1931-1962",18754,"Eukaryota","Obazoa","Opisthokonta","Metazoa","Arthropoda","Chelicerata","Arachnida"
"ASV_4070","ASV_4070",0.0133425001848156,0.951863039353392,0.0139357869405669,0.957427107756338,0,360.968,884,1,0.005,"latrine_1984-2024_control_1931-1962",4070,"Eukaryota",NA,NA,NA,NA,NA,NA
"ASV_10789","ASV_10789",0.0761729134323945,0.883276015869496,0.0717669903627843,1.06139205569773,657.511333333333,2117.474,8558,1,0.009,"latrine_1984-2024_latrine_1931-1962",10789,"Eukaryota","Archaeplastida","Streptophyta","Streptophyta_X","Embryophyceae","Embryophyceae_X","Embryophyceae_XX"
"ASV_19057","ASV_19057",0.0697844557797984,0.883276015869496,0.0543393401390063,1.28423450857669,11.6003333333333,1899.549,18502,1,0.004,"latrine_1984-2024_latrine_1931-1962",19057,"Eukaryota","Obazoa","Opisthokonta","Metazoa","Arthropoda","Chelicerata","Arachnida"
"ASV_16163","ASV_16163",0.04680356570809,0.883276015869496,0.0427565020129569,1.09465376035455,1454.243,509.496,15047,1,0.127,"latrine_1984-2024_latrine_1931-1962",16163,"Eukaryota","Obazoa","Opisthokonta","Fungi","Ascomycota","Pezizomycotina","Eurotiomycetes"
"ASV_16172","ASV_16172",0.0261328454202706,0.883276015869496,0.0507743384522988,0.514686083892983,633.131333333333,127.141,15060,1,0.105,"latrine_1984-2024_latrine_1931-1962",16172,"Eukaryota","Obazoa","Opisthokonta","Fungi","Ascomycota","Pezizomycotina","Dothideomycetes"
"ASV_17311","ASV_17311",0.0260732239225253,0.883276015869496,0.0272277962364627,0.957595822155035,0.124333333333333,705.385,16408,1,0.006,"latrine_1984-2024_latrine_1931-1962",17311,"Eukaryota","Obazoa","Opisthokonta","Fungi",NA,NA,NA
"ASV_14446","ASV_14446",0.0182863162563761,0.883276015869496,0.0172821794802595,1.05810243883091,494.718,0,12943,1,0.131,"latrine_1984-2024_latrine_1931-1962",14446,"Eukaryota","TSAR","Alveolata","Ciliophora","Spirotrichea",NA,NA
"ASV_10647","ASV_10647",0.0152374633449151,0.883276015869496,0.00688088917076547,2.21446138235358,111.025,494.346,8409,1,0.007,"latrine_1984-2024_latrine_1931-1962",10647,"Eukaryota","Archaeplastida","Streptophyta","Streptophyta_X","Embryophyceae","Embryophyceae_X","Embryophyceae_XX"
"ASV_18529","ASV_18529",0.015125341908775,0.883276015869496,0.0157979043900482,0.957427107756338,0,409.201,17827,1,0.011,"latrine_1984-2024_latrine_1931-1962",18529,"Eukaryota","Obazoa","Opisthokonta","Metazoa","Arthropoda","Hexapoda","Insecta"
"ASV_18754","ASV_18754",0.0132960129124467,0.883276015869496,0.0152250921060746,0.873296057574705,361.460666666667,32.211,18119,1,0.16,"latrine_1984-2024_latrine_1931-1962",18754,"Eukaryota","Obazoa","Opisthokonta","Metazoa","Arthropoda","Chelicerata","Arachnida"
"ASV_17615","ASV_17615",0.0115574160321333,0.883276015869496,0.0269923085347536,0.428174419288838,312.674333333333,0,16770,1,0.084,"latrine_1984-2024_latrine_1931-1962",17615,"Eukaryota","TSAR","Rhizaria","Cercozoa","Filosa-Thecofilosea","Cryomonadida",NA
"ASV_18556","ASV_18556",0.0453842130553707,0.918941191690693,0.0840352333180441,0.540061724867322,1227.8245,0,17824,1,0.182,"latrine_LIA-1931_control_1931-1962",18556,"Eukaryota","Obazoa","Opisthokonta","Metazoa",NA,NA,NA
"ASV_19401","ASV_19401",0.0251077105049161,0.918941191690693,0.026841271564486,0.935414346693485,0,679.264,18862,1,0.001,"latrine_LIA-1931_control_1931-1962",19401,"Eukaryota","Obazoa","Opisthokonta","Fungi","Basidiomycota","Agaricomycotina","Agaricomycetes"
"ASV_14396","ASV_14396",0.0207783507059954,0.918941191690693,0.0257309021777085,0.80752515253804,562.1375,0,12802,1,0.088,"latrine_LIA-1931_control_1931-1962",14396,"Eukaryota","TSAR","Alveolata","Ciliophora","Spirotrichea","Hypotrichia",NA
"ASV_12749","ASV_12749",0.0188581910253567,0.918941191690693,0.0150114229607985,1.25625605744398,269.7905,565.369,10805,1,0.119,"latrine_LIA-1931_control_1931-1962",12749,"Eukaryota","Archaeplastida","Streptophyta","Streptophyta_X","Embryophyceae","Embryophyceae_X","Embryophyceae_XX"
"ASV_12310","ASV_12310",0.0178668588748429,0.918941191690693,0.0322277223441641,0.554394092267532,477.094,12.552,10301,1,0.096,"latrine_LIA-1931_control_1931-1962",12310,"Eukaryota","Archaeplastida","Streptophyta","Streptophyta_X","Embryophyceae","Embryophyceae_X","Embryophyceae_XX"
"ASV_13123","ASV_13123",0.0171410512308716,0.918941191690693,0.0170823854246813,1.00343428653153,1.176,464.91,11241,1,0.011,"latrine_LIA-1931_control_1931-1962",13123,"Eukaryota","TSAR","Stramenopiles","Gyrista","Chrysophyceae","Ochromonadales","Ochromonadaceae"
"ASV_18787","ASV_18787",0.0161176535817254,0.918941191690693,0.014894128121248,1.08214817614816,119.06,437.089,18128,1,0.649,"latrine_LIA-1931_control_1931-1962",18787,"Eukaryota","Obazoa","Opisthokonta","Metazoa","Arthropoda","Crustacea","Maxillopoda"
"ASV_4070","ASV_4070",0.0133425001848156,0.918941191690693,0.0142637326784422,0.935414346693485,0,360.968,1030,1,0.004,"latrine_LIA-1931_control_1931-1962",4070,"Eukaryota",NA,NA,NA,NA,NA,NA
"ASV_12311","ASV_12311",0.0131808605012198,0.918941191690693,0.0233328484681304,0.564905760187107,360.821,13.617,10302,1,0.19,"latrine_LIA-1931_control_1931-1962",12311,"Eukaryota","Archaeplastida","Streptophyta","Streptophyta_X","Embryophyceae","Embryophyceae_X","Embryophyceae_XX"
"ASV_14414","ASV_14414",0.0123051304797812,0.918941191690693,0.0143572423823798,0.85706782347583,334.5015,3.75,12825,1,0.1,"latrine_LIA-1931_control_1931-1962",14414,"Eukaryota","TSAR","Alveolata","Ciliophora","Spirotrichea",NA,NA
"ASV_10789","ASV_10789",0.0751638389886893,0.855729688770607,0.0678222197469523,1.10824799408113,291.0575,2117.474,8644,1,0.018,"latrine_LIA-1931_latrine_1931-1962",10789,"Eukaryota","Archaeplastida","Streptophyta","Streptophyta_X","Embryophyceae","Embryophyceae_X","Embryophyceae_XX"
"ASV_19057","ASV_19057",0.0652537332741924,0.855729688770607,0.055099801663335,1.18428254375395,163.471,1899.549,18524,1,0.007,"latrine_LIA-1931_latrine_1931-1962",19057,"Eukaryota","Obazoa","Opisthokonta","Metazoa","Arthropoda","Chelicerata","Arachnida"
"ASV_18556","ASV_18556",0.0453948214681748,0.855729688770607,0.0840155934161445,0.540314239564148,1227.8245,0.574,17888,1,0.148,"latrine_LIA-1931_latrine_1931-1962",18556,"Eukaryota","Obazoa","Opisthokonta","Metazoa",NA,NA,NA
"ASV_17311","ASV_17311",0.0260732239225253,0.855729688770607,0.0278642068641415,0.935724603598137,0.234,705.385,16443,1,0.012,"latrine_LIA-1931_latrine_1931-1962",17311,"Eukaryota","Obazoa","Opisthokonta","Fungi",NA,NA,NA
"ASV_14396","ASV_14396",0.0207783507059954,0.855729688770607,0.0257309021777085,0.80752515253804,562.1375,0,12887,1,0.106,"latrine_LIA-1931_latrine_1931-1962",14396,"Eukaryota","TSAR","Alveolata","Ciliophora","Spirotrichea","Hypotrichia",NA
"ASV_12310","ASV_12310",0.0176348783913654,0.855729688770607,0.0326534497435415,0.540061724867322,477.094,0,10398,1,0.111,"latrine_LIA-1931_latrine_1931-1962",12310,"Eukaryota","Archaeplastida","Streptophyta","Streptophyta_X","Embryophyceae","Embryophyceae_X","Embryophyceae_XX"
"ASV_10647","ASV_10647",0.0157727507947069,0.855729688770607,0.00580441213593141,2.71737265124023,67.63,494.346,8482,1,0.01,"latrine_LIA-1931_latrine_1931-1962",10647,"Eukaryota","Archaeplastida","Streptophyta","Streptophyta_X","Embryophyceae","Embryophyceae_X","Embryophyceae_XX"
"ASV_18529","ASV_18529",0.015125341908775,0.855729688770607,0.0161418648791547,0.937025679623154,0.7055,409.201,17858,1,0.005,"latrine_LIA-1931_latrine_1931-1962",18529,"Eukaryota","Obazoa","Opisthokonta","Metazoa","Arthropoda","Hexapoda","Insecta"
"ASV_12311","ASV_12311",0.0131761661861462,0.855729688770607,0.0233748421558444,0.563690060377661,360.821,11.906,10399,1,0.153,"latrine_LIA-1931_latrine_1931-1962",12311,"Eukaryota","Archaeplastida","Streptophyta","Streptophyta_X","Embryophyceae","Embryophyceae_X","Embryophyceae_XX"
"ASV_16163","ASV_16163",0.0130717638796481,0.855729688770607,0.00596942907626206,2.18978460295794,202.6515,509.496,15051,1,0.618,"latrine_LIA-1931_latrine_1931-1962",16163,"Eukaryota","Obazoa","Opisthokonta","Fungi","Ascomycota","Pezizomycotina","Eurotiomycetes"
"ASV_16163","ASV_16163",0.0506277383504596,0.877254072102708,0.0489586610064639,1.03409156438685,202.6515,1454.243,14852,1,0.048,"latrine_LIA-1931_latrine_1984-2024",16163,"Eukaryota","Obazoa","Opisthokonta","Fungi","Ascomycota","Pezizomycotina","Eurotiomycetes"
"ASV_18556","ASV_18556",0.0454730169291047,0.877254072102708,0.0801423516198119,0.567403077274606,1227.8245,4.805,17741,1,0.057,"latrine_LIA-1931_latrine_1984-2024",18556,"Eukaryota","Obazoa","Opisthokonta","Metazoa",NA,NA,NA
"ASV_10789","ASV_10789",0.030712845913112,0.877254072102708,0.0487773707013753,0.629653576473856,291.0575,657.511333333333,8155,1,0.479,"latrine_LIA-1931_latrine_1984-2024",10789,"Eukaryota","Archaeplastida","Streptophyta","Streptophyta_X","Embryophyceae","Embryophyceae_X","Embryophyceae_XX"
"ASV_16172","ASV_16172",0.0243663968359577,0.877254072102708,0.0516356727255118,0.471890759814173,51.3715,633.131333333333,14865,1,0.339,"latrine_LIA-1931_latrine_1984-2024",16172,"Eukaryota","Obazoa","Opisthokonta","Fungi","Ascomycota","Pezizomycotina","Dothideomycetes"
"ASV_14396","ASV_14396",0.0207783507059954,0.877254072102708,0.0245622270047453,0.845947344350379,562.1375,0.754333333333333,12595,1,0.004,"latrine_LIA-1931_latrine_1984-2024",14396,"Eukaryota","TSAR","Alveolata","Ciliophora","Spirotrichea","Hypotrichia",NA
"ASV_12310","ASV_12310",0.0176348783913654,0.877254072102708,0.0312014515989197,0.565194165260439,477.094,0,9946,1,0.066,"latrine_LIA-1931_latrine_1984-2024",12310,"Eukaryota","Archaeplastida","Streptophyta","Streptophyta_X","Embryophyceae","Embryophyceae_X","Embryophyceae_XX"
"ASV_14446","ASV_14446",0.0166626130455139,0.877254072102708,0.0131586335392241,1.26628749070677,250.4545,494.718,12656,1,0.065,"latrine_LIA-1931_latrine_1984-2024",14446,"Eukaryota","TSAR","Alveolata","Ciliophora","Spirotrichea",NA,NA
"ASV_18754","ASV_18754",0.013310262191666,0.877254072102708,0.0144249550636598,0.922724690158518,57.969,361.460666666667,17987,1,0.072,"latrine_LIA-1931_latrine_1984-2024",18754,"Eukaryota","Obazoa","Opisthokonta","Metazoa","Arthropoda","Chelicerata","Arachnida"
"ASV_12311","ASV_12311",0.0133058512604421,0.877254072102708,0.0224809474652593,0.591872352399921,360.821,1.88766666666667,9947,1,0.071,"latrine_LIA-1931_latrine_1984-2024",12311,"Eukaryota","Archaeplastida","Streptophyta","Streptophyta_X","Embryophyceae","Embryophyceae_X","Embryophyceae_XX"
"ASV_14414","ASV_14414",0.0123642160124196,0.877254072102708,0.013792085783844,0.896471803191874,334.5015,0,12615,1,0.002,"latrine_LIA-1931_latrine_1984-2024",14414,"Eukaryota","TSAR","Alveolata","Ciliophora","Spirotrichea",NA,NA
