"ASV","species","average","overall","sd","ratio","ava","avb","ord","cusum","p","Comparison","Position"
"ASV_19415","ASV_19415",0.0495752199305094,0.965691673443237,0.0712316296782024,0.695972002247758,1341.208,0,18851,1,0.004,"control_1931-1962_control_1984-2024",19415
"ASV_18755","ASV_18755",0.0388104285256647,0.965691673443237,0.0542861824170249,0.714922781409165,1049.97733333333,0,18035,1,0.001,"control_1931-1962_control_1984-2024",18755
"ASV_13800","ASV_13800",0.0210822059584535,0.965691673443237,0.0289584176474126,0.728016503358123,570.358,0,11949,1,0.001,"control_1931-1962_control_1984-2024",13800
"ASV_12302","ASV_12302",0.0208336660013307,0.965691673443237,0.0254562225687525,0.818411527675124,562.228666666667,31.9688,10197,1,0.019,"control_1931-1962_control_1984-2024",12302
"ASV_19084","ASV_19084",0.011652793179074,0.965691673443237,0.0167612600674955,0.695221787153807,315.254666666667,0,18426,1,0.026,"control_1931-1962_control_1984-2024",19084
"ASV_16733","ASV_16733",0.0103147039254824,0.965691673443237,0.0148365659938681,0.695221787153807,279.054,0,15519,1,0.043,"control_1931-1962_control_1984-2024",16733
"ASV_10650","ASV_10650",0.0102685493211109,0.965691673443237,0.00866372173400773,1.18523535685636,277.805333333333,0,8259,1,0.002,"control_1931-1962_control_1984-2024",10650
"ASV_19000","ASV_19000",0.00690125920997511,0.965691673443237,0.00992670157566324,0.695221787153807,186.706666666667,0,18322,1,0.001,"control_1931-1962_control_1984-2024",19000
"ASV_17541","ASV_17541",0.00582639658953698,0.965691673443237,0.00679689709051091,0.857214183464857,158.953333333333,26.7792,16534,1,0.047,"control_1931-1962_control_1984-2024",17541
"ASV_16995","ASV_16995",0.0056572287523718,0.965691673443237,0.00813730072461067,0.695221787153807,153.050666666667,0,15851,1,0.034,"control_1931-1962_control_1984-2024",16995
"ASV_19415","ASV_19415",0.0495752199305094,0.91202402602203,0.0731485181436345,0.677733755770191,1341.208,0,18726,1,0.003,"control_1931-1962_control_LIA",19415
"ASV_18755","ASV_18755",0.0388017976392893,0.91202402602203,0.0557339721599528,0.696196523153432,1049.97733333333,0.7005,17758,1,0.001,"control_1931-1962_control_LIA",18755
"ASV_12302","ASV_12302",0.0221357347034326,0.91202402602203,0.0191200847845785,1.15772157669962,562.228666666667,318.0405,9055,1,0.009,"control_1931-1962_control_LIA",12302
"ASV_13800","ASV_13800",0.021079994332323,0.91202402602203,0.0297342891426788,0.708945629443889,570.358,0.1795,10957,1,0.002,"control_1931-1962_control_LIA",13800
"ASV_19084","ASV_19084",0.011652793179074,0.91202402602203,0.0172123162378321,0.67700320038633,315.254666666667,0,18244,1,0.011,"control_1931-1962_control_LIA",19084
"ASV_16733","ASV_16733",0.010399472659619,0.91202402602203,0.0149888898296746,0.693812068658377,279.054,6.88,15086,1,0.005,"control_1931-1962_control_LIA",16733
"ASV_10650","ASV_10650",0.0102685493211109,0.91202402602203,0.00889686799690608,1.15417575316188,277.805333333333,0,7176,1,0.001,"control_1931-1962_control_LIA",10650
"ASV_19000","ASV_19000",0.00690125920997511,0.91202402602203,0.0101938354294883,0.67700320038633,186.706666666667,0,18131,1,0.001,"control_1931-1962_control_LIA",19000
"ASV_16995","ASV_16995",0.0056572287523718,0.91202402602203,0.00835628066328714,0.67700320038633,153.050666666667,0,15450,1,0.016,"control_1931-1962_control_LIA",16995
"ASV_10652","ASV_10652",0.00532590374805944,0.91202402602203,0.00536247621131378,0.99317992997765,0,144.087,7178,1,0.005,"control_1931-1962_control_LIA",10652
"ASV_19415","ASV_19415",0.0495752199305094,0.958365284246322,0.0712316296782024,0.695972002247758,1341.208,0,18773,1,0.001,"control_1931-1962_latrine_1984-2024",19415
"ASV_18755","ASV_18755",0.0388104285256647,0.958365284246322,0.0542861824170249,0.714922781409165,1049.97733333333,0,17871,1,0.001,"control_1931-1962_latrine_1984-2024",18755
"ASV_13800","ASV_13800",0.0210822059584535,0.958365284246322,0.0289584176474126,0.728016503358123,570.358,0,11421,1,0.001,"control_1931-1962_latrine_1984-2024",13800
"ASV_12302","ASV_12302",0.0207817205095981,0.958365284246322,0.0262034043985048,0.79309238576587,562.228666666667,0,9561,1,0.015,"control_1931-1962_latrine_1984-2024",12302
"ASV_19084","ASV_19084",0.011652793179074,0.958365284246322,0.0167612600674955,0.695221787153807,315.254666666667,0,18337,1,0.029,"control_1931-1962_latrine_1984-2024",19084
"ASV_16733","ASV_16733",0.0103172050959809,0.958365284246322,0.014829388351366,0.695726947836693,279.054,0.203,15372,1,0.038,"control_1931-1962_latrine_1984-2024",16733
"ASV_10650","ASV_10650",0.0101152977994628,0.958365284246322,0.00832367497543687,1.21524420755412,277.805333333333,12.4382,7638,1,0.002,"control_1931-1962_latrine_1984-2024",10650
"ASV_19000","ASV_19000",0.00690125920997511,0.958365284246322,0.00992670157566324,0.695221787153807,186.706666666667,0,18236,1,0.001,"control_1931-1962_latrine_1984-2024",19000
"ASV_16995","ASV_16995",0.00565901530272788,0.958365284246322,0.00813217765642624,0.695879448508603,153.050666666667,0.145,15683,1,0.031,"control_1931-1962_latrine_1984-2024",16995
"ASV_18448","ASV_18448",0.00549878021734309,0.958365284246322,0.00416619970363881,1.31985516981829,149.884,1.12,17482,1,0.004,"control_1931-1962_latrine_1984-2024",18448
"ASV_19415","ASV_19415",0.0495752199305094,0.943937852689682,0.0731485181436345,0.677733755770191,1341.208,0,18717,1,0.004,"control_1931-1962_latrine_LIA",19415
"ASV_18755","ASV_18755",0.0388104285256647,0.943937852689682,0.0557470581175759,0.696187921590585,1049.97733333333,0,17781,1,0.001,"control_1931-1962_latrine_LIA",18755
"ASV_13169","ASV_13169",0.0250778751139696,0.943937852689682,0.0238113464507359,1.05319013210169,66.5113333333333,731.1315,10349,1,0.012,"control_1931-1962_latrine_LIA",13169
"ASV_13800","ASV_13800",0.0210822059584535,0.943937852689682,0.029737707086897,0.708938516908813,570.358,0,11162,1,0.001,"control_1931-1962_latrine_LIA",13800
"ASV_12302","ASV_12302",0.0207817205095981,0.943937852689682,0.0269085546789836,0.772309057752152,562.228666666667,0,9296,1,0.022,"control_1931-1962_latrine_LIA",12302
"ASV_19084","ASV_19084",0.011652793179074,0.943937852689682,0.0172123162378321,0.67700320038633,315.254666666667,0,18285,1,0.017,"control_1931-1962_latrine_LIA",19084
"ASV_16733","ASV_16733",0.0103202114289939,0.943937852689682,0.0152195865301679,0.678087503135345,279.054,0.447,15254,1,0.022,"control_1931-1962_latrine_LIA",16733
"ASV_10650","ASV_10650",0.0102685493211109,0.943937852689682,0.00889686799690608,1.15417575316188,277.805333333333,0,7401,1,0.001,"control_1931-1962_latrine_LIA",10650
"ASV_17552","ASV_17552",0.00819645893398388,0.943937852689682,0.00892569580699949,0.918299156863072,0,221.747,16272,1,0.009,"control_1931-1962_latrine_LIA",17552
"ASV_19000","ASV_19000",0.00690125920997511,0.943937852689682,0.0101938354294883,0.67700320038633,186.706666666667,0,18173,1,0.001,"control_1931-1962_latrine_LIA",19000
"ASV_18287","ASV_18287",0.027552857248466,0.976050639461817,0.0448102017247462,0.61487911653944,0,745.415,17094,1,0.001,"control_1984-2024_control_LIA",18287
"ASV_18294","ASV_18294",0.0246583314851778,0.976050639461817,0.0418831751127367,0.588740739421143,0,667.1065,17101,1,0.001,"control_1984-2024_control_LIA",18294
"ASV_19023","ASV_19023",0.0112510534486582,0.976050639461817,0.0197356533055954,0.570087712549569,0,304.386,18144,1,0.001,"control_1984-2024_control_LIA",19023
"ASV_10826","ASV_10826",0.00919287351223479,0.976050639461817,0.00820809224134256,1.11997687671346,256.0228,9.1485,7329,1,0.04,"control_1984-2024_control_LIA",10826
"ASV_10673","ASV_10673",0.00911026095956236,0.976050639461817,0.0154818269611527,0.588448700687716,0,246.469,7159,1,0.001,"control_1984-2024_control_LIA",10673
"ASV_12161","ASV_12161",0.0089940119760479,0.976050639461817,0.0093751033313046,0.959350703476069,243.324,0,8848,1,0.027,"control_1984-2024_control_LIA",12161
"ASV_19374","ASV_19374",0.0078869039698381,0.976050639461817,0.0137537301394042,0.573437452232849,1.2576,212.7435,18637,1,0.016,"control_1984-2024_control_LIA",19374
"ASV_12311","ASV_12311",0.00731420122717528,0.976050639461817,0.00900307184478055,0.812411736047138,79.6332,170.6775,9032,1,0.013,"control_1984-2024_control_LIA",12311
"ASV_15991","ASV_15991",0.00595212907518297,0.976050639461817,0.00415141481067817,1.43375917527515,28.4652,165.391,13863,1,0.001,"control_1984-2024_control_LIA",15991
"ASV_18286","ASV_18286",0.00544516522510535,0.976050639461817,0.00952631127966867,0.571592200301765,0,147.3135,17091,1,0.001,"control_1984-2024_control_LIA",18286
"ASV_17512","ASV_17512",0.0667651038663414,0.965829344274414,0.0710456705305844,0.939749084887583,1843.1486,64.629,16361,1,0.001,"control_1984-2024_latrine_1984-2024",17512
"ASV_14446","ASV_14446",0.0362369705034376,0.965829344274414,0.0574797937900469,0.630429723457225,0,980.355,12519,1,0.001,"control_1984-2024_latrine_1984-2024",14446
"ASV_18754","ASV_18754",0.0226220521919125,0.965829344274414,0.0435232459570081,0.519769417342134,57.5602,619.2766,17983,1,0.038,"control_1984-2024_latrine_1984-2024",18754
"ASV_14196","ASV_14196",0.0225527093960228,0.965829344274414,0.0248824140149506,0.906371438979835,0,610.141,12177,1,0.001,"control_1984-2024_latrine_1984-2024",14196
"ASV_17700","ASV_17700",0.0203553249057441,0.965829344274414,0.0292802344341333,0.695189956608234,578.4574,41.9906,16614,1,0.001,"control_1984-2024_latrine_1984-2024",17700
"ASV_17380","ASV_17380",0.0189594145043247,0.965829344274414,0.0366216650305852,0.517710335903362,512.928,0,16167,1,0.01,"control_1984-2024_latrine_1984-2024",17380
"ASV_13117","ASV_13117",0.0187768241295187,0.965829344274414,0.0318521359618301,0.589499685422035,0,507.9882,10812,1,0.006,"control_1984-2024_latrine_1984-2024",13117
"ASV_17624","ASV_17624",0.0181329917941894,0.965829344274414,0.021868145191001,0.829196607019573,334.655,279.9876,16505,1,0.041,"control_1984-2024_latrine_1984-2024",17624
"ASV_18834","ASV_18834",0.0163201833370296,0.965829344274414,0.0194108757931759,0.840775218538423,441.6478,0.2026,18091,1,0.001,"control_1984-2024_latrine_1984-2024",18834
"ASV_14421","ASV_14421",0.011011288534043,0.965829344274414,0.020797807186713,0.529444687855254,0,297.8994,12488,1,0.005,"control_1984-2024_latrine_1984-2024",14421
"ASV_13169","ASV_13169",0.0269511236785688,0.967715864567162,0.0236264980602613,1.14071597110277,1.9958,731.1315,10509,1,0.003,"control_1984-2024_latrine_LIA",13169
"ASV_17750","ASV_17750",0.0267363421305537,0.967715864567162,0.046898646545077,0.570087712549569,0,723.325,16531,1,0.001,"control_1984-2024_latrine_LIA",17750
"ASV_18402","ASV_18402",0.0118242995490501,0.967715864567162,0.0154084546185237,0.767390360798099,5.9764,323.649,17347,1,0.003,"control_1984-2024_latrine_LIA",18402
"ASV_12161","ASV_12161",0.0089940119760479,0.967715864567162,0.0093751033313046,0.959350703476069,243.324,0,9296,1,0.024,"control_1984-2024_latrine_LIA",12161
"ASV_17552","ASV_17552",0.00819645893398388,0.967715864567162,0.0086545699702575,0.947067152054004,0,221.747,16265,1,0.004,"control_1984-2024_latrine_LIA",17552
"ASV_19558","ASV_19558",0.00440729651807496,0.967715864567162,0.00773090950928318,0.570087712549569,0,119.235,18937,1,0.046,"control_1984-2024_latrine_LIA",19558
"ASV_18900","ASV_18900",0.00401532120943299,0.967715864567162,0.00589245136755613,0.681434764407453,0,108.6305,18072,1,0.007,"control_1984-2024_latrine_LIA",18900
"ASV_13168","ASV_13168",0.00359349818880757,0.967715864567162,0.00469205603642896,0.765868557601993,0,97.2185,10508,1,0.031,"control_1984-2024_latrine_LIA",13168
"ASV_16317","ASV_16317",0.0034016226805648,0.967715864567162,0.00596684090129206,0.570087712549569,0,92.0275,14678,1,0.001,"control_1984-2024_latrine_LIA",16317
"ASV_18008","ASV_18008",0.00300676424927922,0.967715864567162,0.00527421339399204,0.570087712549569,0,81.345,16858,1,0.026,"control_1984-2024_latrine_LIA",18008
"ASV_19415","ASV_19415",0.0495752199305094,0.892369959669139,0.0720647764816932,0.68792581273187,0,1341.208,18727,1,0.003,"control_LIA-1931_control_1931-1962",19415
"ASV_18755","ASV_18755",0.0388104285256647,0.892369959669139,0.0549211301159444,0.706657500377938,0,1049.97733333333,17845,1,0.001,"control_LIA-1931_control_1931-1962",18755
"ASV_13800","ASV_13800",0.0210795199724009,0.892369959669139,0.0292930376689027,0.719608536699447,0.218,570.358,11374,1,0.005,"control_LIA-1931_control_1931-1962",13800
"ASV_12302","ASV_12302",0.0204360907814002,0.892369959669139,0.0256670113249619,0.796200637568016,43.928,562.228666666667,9443,1,0.024,"control_LIA-1931_control_1931-1962",12302
"ASV_19084","ASV_19084",0.0116552450654247,0.892369959669139,0.016950172564593,0.687618077102719,0.199,315.254666666667,18310,1,0.007,"control_LIA-1931_control_1931-1962",19084
"ASV_16733","ASV_16733",0.0103147039254824,0.892369959669139,0.0150100989817895,0.687184270936277,0,279.054,15337,1,0.037,"control_LIA-1931_control_1931-1962",16733
"ASV_10650","ASV_10650",0.0102685493211109,0.892369959669139,0.00876505525819678,1.17153275348813,0,277.805333333333,7479,1,0.002,"control_LIA-1931_control_1931-1962",10650
"ASV_16169","ASV_16169",0.00865219766228859,0.892369959669139,0.00701105767753994,1.23407880240467,256.085666666667,38.7293333333333,14594,1,0.008,"control_LIA-1931_control_1931-1962",16169
"ASV_19000","ASV_19000",0.00690125920997511,0.892369959669139,0.0100428072961744,0.687184270936277,0,186.706666666667,18204,1,0.001,"control_LIA-1931_control_1931-1962",19000
"ASV_17541","ASV_17541",0.00615438669985133,0.892369959669139,0.00669270383358008,0.91956656874195,64.7756666666667,158.953333333333,16337,1,0.027,"control_LIA-1931_control_1931-1962",17541
"ASV_17512","ASV_17512",0.0696369113624603,0.90477514354008,0.0688199680348596,1.01187073099463,571.092333333333,1843.1486,16281,1,0.012,"control_LIA-1931_control_1984-2024",17512
"ASV_18834","ASV_18834",0.0161371996747246,0.90477514354008,0.019129491489916,0.84357703304509,17.528,441.6478,18012,1,0.02,"control_LIA-1931_control_1984-2024",18834
"ASV_16169","ASV_16169",0.00923266799733866,0.90477514354008,0.00722996074337575,1.27700112421742,256.085666666667,14.6246,14552,1,0.001,"control_LIA-1931_control_1984-2024",16169
"ASV_17443","ASV_17443",0.00905392178605752,0.90477514354008,0.0113047703090275,0.800893918103529,7.302,247.8656,16162,1,0.031,"control_LIA-1931_control_1984-2024",17443
"ASV_12161","ASV_12161",0.00860783617949287,0.90477514354008,0.00881910973159987,0.97604366443588,26.119,243.324,9352,1,0.016,"control_LIA-1931_control_1984-2024",12161
"ASV_17980","ASV_17980",0.00826368743993494,0.90477514354008,0.0100007438736726,0.826307277170599,180.039666666667,147.6522,16875,1,0.017,"control_LIA-1931_control_1984-2024",17980
"ASV_10826","ASV_10826",0.00790010842512506,0.90477514354008,0.00799858971641441,0.987687668103884,53.6546666666667,256.0228,7763,1,0.02,"control_LIA-1931_control_1984-2024",10826
"ASV_17981","ASV_17981",0.0070577684137897,0.90477514354008,0.00649024077818341,1.087443232848,114.465333333333,188.0952,16876,1,0.026,"control_LIA-1931_control_1984-2024",17981
"ASV_17637","ASV_17637",0.00652466671595081,0.90477514354008,0.0133459052070035,0.48888903485744,175.836,4.5784,16435,1,0.002,"control_LIA-1931_control_1984-2024",17637
"ASV_19061","ASV_19061",0.00593635691579803,0.90477514354008,0.00684499500992879,0.867255112266296,0,160.6022,18318,1,0.021,"control_LIA-1931_control_1984-2024",19061
"ASV_18287","ASV_18287",0.027552857248466,0.932660401419383,0.0451981760787887,0.609601086566776,0,745.415,16891,1,0.001,"control_LIA-1931_control_LIA",18287
"ASV_18294","ASV_18294",0.0246376444641581,0.932660401419383,0.0422458331983919,0.583197030307262,0.559666666666667,667.1065,16898,1,0.001,"control_LIA-1931_control_LIA",18294
"ASV_19023","ASV_19023",0.0112510534486582,0.932660401419383,0.0199065279512817,0.565194165260439,0,304.386,17916,1,0.001,"control_LIA-1931_control_LIA",19023
"ASV_16169","ASV_16169",0.00923302777161726,0.932660401419383,0.00746191858131089,1.23735305752897,256.085666666667,8.1595,13629,1,0.003,"control_LIA-1931_control_LIA",16169
"ASV_10673","ASV_10673",0.00911026095956236,0.932660401419383,0.0156158712542703,0.583397545434493,0,246.469,6250,1,0.001,"control_LIA-1931_control_LIA",10673
"ASV_19374","ASV_19374",0.00786366156575737,0.932660401419383,0.0139132037255442,0.565194165260439,0,212.7435,18473,1,0.044,"control_LIA-1931_control_LIA",19374
"ASV_18286","ASV_18286",0.00544516522510535,0.932660401419383,0.00960879170427913,0.566685738715766,0,147.3135,16890,1,0.001,"control_LIA-1931_control_LIA",18286
"ASV_10652","ASV_10652",0.00532590374805944,0.932660401419383,0.00524460519744248,1.0155013671299,0,144.087,6226,1,0.001,"control_LIA-1931_control_LIA",10652
"ASV_14443","ASV_14443",0.00519832557108006,0.932660401419383,0.00552339466510405,0.941146864612496,0,140.6355,11003,1,0.003,"control_LIA-1931_control_LIA",14443
"ASV_10647","ASV_10647",0.00508022843202484,0.932660401419383,0.00444471649688068,1.1429814332568,2.172,139.6125,6221,1,0.007,"control_LIA-1931_control_LIA",10647
"ASV_14196","ASV_14196",0.0223487223084695,0.937233702964442,0.0247735288056931,0.902121069782099,11.7133333333333,610.141,11280,1,0.021,"control_LIA-1931_latrine_1984-2024",14196
"ASV_16169","ASV_16169",0.00913450629604988,0.937233702964442,0.0072772109401942,1.25522076673596,256.085666666667,13.579,14205,1,0.001,"control_LIA-1931_latrine_1984-2024",16169
"ASV_17637","ASV_17637",0.00649944555333777,0.937233702964442,0.0134310498609421,0.48391195183024,175.836,0,16166,1,0.005,"control_LIA-1931_latrine_1984-2024",17637
"ASV_16828","ASV_16828",0.00560370616791109,0.937233702964442,0.0122085041773232,0.459000225295393,151.602666666667,0,15129,1,0.001,"control_LIA-1931_latrine_1984-2024",16828
"ASV_14392","ASV_14392",0.0050201448953944,0.937233702964442,0.00956510255607477,0.524839630935908,135.815,0,11575,1,0.001,"control_LIA-1931_latrine_1984-2024",14392
"ASV_18787","ASV_18787",0.00497116877356398,0.937233702964442,0.00786317691107451,0.632208689920557,134.49,0,17732,1,0.031,"control_LIA-1931_latrine_1984-2024",18787
"ASV_18997","ASV_18997",0.00479760232621177,0.937233702964442,0.00833944236628213,0.575290542879623,129.794333333333,0.5116,18062,1,0.004,"control_LIA-1931_latrine_1984-2024",18997
"ASV_18329","ASV_18329",0.00439469209728691,0.937233702964442,0.00486643295732286,0.903062291379954,118.894,0,17119,1,0.001,"control_LIA-1931_latrine_1984-2024",18329
"ASV_15271","ASV_15271",0.00434227840615066,0.937233702964442,0.00943821996667019,0.46007387213742,117.476,0,12861,1,0.001,"control_LIA-1931_latrine_1984-2024",15271
"ASV_2884","ASV_2884",0.00428084571597546,0.937233702964442,0.00872103770983152,0.490864259324268,115.814,0,17312,0.982425322260501,0.001,"control_LIA-1931_latrine_1984-2024",2884
"ASV_17750","ASV_17750",0.0267363421305537,0.918062788004238,0.0473047030098652,0.565194165260439,0,723.325,16239,1,0.001,"control_LIA-1931_latrine_LIA",17750
"ASV_13169","ASV_13169",0.024724569379759,0.918062788004238,0.0211156013002436,1.17091476715246,185.379,731.1315,9630,1,0.01,"control_LIA-1931_latrine_LIA",13169
"ASV_18402","ASV_18402",0.0119630738522954,0.918062788004238,0.015592015590116,0.767256406534058,0,323.649,17120,1,0.005,"control_LIA-1931_latrine_LIA",18402
"ASV_16169","ASV_16169",0.00946572287523718,0.918062788004238,0.00753115225959106,1.25687578061941,256.085666666667,0,13997,1,0.002,"control_LIA-1931_latrine_LIA",16169
"ASV_17552","ASV_17552",0.00819645893398388,0.918062788004238,0.00867800836250606,0.944509222807073,1.446,221.747,15986,1,0.004,"control_LIA-1931_latrine_LIA",17552
"ASV_17562","ASV_17562",0.00589532047017077,0.918062788004238,0.0104306109873838,0.565194165260439,0,159.492,16001,1,0.037,"control_LIA-1931_latrine_LIA",17562
"ASV_19558","ASV_19558",0.00440729651807496,0.918062788004238,0.00779784503975567,0.565194165260439,0,119.235,18776,1,0.041,"control_LIA-1931_latrine_LIA",19558
"ASV_18900","ASV_18900",0.00400941943273946,0.918062788004238,0.00593509299587673,0.675544500402085,0.487333333333333,108.6305,17788,1,0.009,"control_LIA-1931_latrine_LIA",18900
"ASV_13168","ASV_13168",0.00359349818880757,0.918062788004238,0.00473268065626546,0.759294456948039,0,97.2185,9629,1,0.041,"control_LIA-1931_latrine_LIA",13168
"ASV_16317","ASV_16317",0.0034016226805648,0.918062788004238,0.00601850282548006,0.565194165260439,0,92.0275,14266,1,0.001,"control_LIA-1931_latrine_LIA",16317
"ASV_12230","ASV_12230",0.0196105936275597,0.931329986118298,0.0358815606609721,0.546536807940181,0,530.545,8600,1,0.004,"control_LIA-1931_latrine_LIA-1931",12230
"ASV_19024","ASV_19024",0.0126009462556369,0.931329986118298,0.0224103796946568,0.562281693899245,5.403,340.906,18108,1,0.044,"control_LIA-1931_latrine_LIA-1931",19024
"ASV_16169","ASV_16169",0.0092768865561059,0.931329986118298,0.00736394513858413,1.2597712749785,256.085666666667,8.17533333333333,14209,1,0.001,"control_LIA-1931_latrine_LIA-1931",16169
"ASV_10637","ASV_10637",0.00771224218230206,0.931329986118298,0.0114185981953407,0.675410593346653,5.30966666666667,208.647,6830,1,0.049,"control_LIA-1931_latrine_LIA-1931",10637
"ASV_17637","ASV_17637",0.00649944555333777,0.931329986118298,0.0135075806790069,0.481170218989626,175.836,0,16211,1,0.007,"control_LIA-1931_latrine_LIA-1931",17637
"ASV_11511","ASV_11511",0.00629033291441808,0.931329986118298,0.00596865100425095,1.05389524533065,0.0773333333333333,170.256,7807,1,0.001,"control_LIA-1931_latrine_LIA-1931",11511
"ASV_16828","ASV_16828",0.00560370616791109,0.931329986118298,0.012278068866734,0.456399636517244,151.602666666667,0,15143,1,0.001,"control_LIA-1931_latrine_LIA-1931",16828
"ASV_18787","ASV_18787",0.00557303910697124,0.931329986118298,0.00701272584414856,0.794703690237856,134.49,49.417,17737,1,0.012,"control_LIA-1931_latrine_LIA-1931",18787
"ASV_14392","ASV_14392",0.0050201448953944,0.931329986118298,0.0096196050060745,0.521866011361622,135.815,0,11539,1,0.001,"control_LIA-1931_latrine_LIA-1931",14392
"ASV_18997","ASV_18997",0.00479760232621177,0.931329986118298,0.00839786093917548,0.571288612774149,129.794333333333,0,18063,1,0.004,"control_LIA-1931_latrine_LIA-1931",18997
"ASV_18287","ASV_18287",0.027552857248466,0.943610085384786,0.045697618600502,0.60293857956448,745.415,0,16914,1,0.001,"control_LIA_latrine_LIA",18287
"ASV_17750","ASV_17750",0.0267363421305537,0.943610085384786,0.0478274227788877,0.559016994374947,0,723.325,16102,1,0.001,"control_LIA_latrine_LIA",17750
"ASV_13169","ASV_13169",0.025818178457899,0.943610085384786,0.0237394048611125,1.08756637367063,41.9425,731.1315,9369,1,0.002,"control_LIA_latrine_LIA",13169
"ASV_18294","ASV_18294",0.0246583314851778,0.943610085384786,0.0427126254382136,0.577307792068356,667.1065,0,16922,1,0.001,"control_LIA_latrine_LIA",18294
"ASV_18273","ASV_18273",0.0184330782878687,0.943610085384786,0.0317764003255939,0.580087048847444,489.6005,18.176,16891,1,0.038,"control_LIA_latrine_LIA",18273
"ASV_18292","ASV_18292",0.013996192799586,0.943610085384786,0.0231508498375202,0.604564968362528,363.9295,29.447,16919,1,0.017,"control_LIA_latrine_LIA",18292
"ASV_18402","ASV_18402",0.0119134508760257,0.943610085384786,0.0157645582091241,0.755711052475328,1.3425,323.649,17065,1,0.006,"control_LIA_latrine_LIA",18402
"ASV_19023","ASV_19023",0.0112510534486582,0.943610085384786,0.0201264962637466,0.559016994374947,304.386,0,17961,1,0.001,"control_LIA_latrine_LIA",19023
"ASV_10673","ASV_10673",0.00908847120573667,0.943610085384786,0.0157008132217007,0.578853533088027,246.469,4.601,6470,1,0.005,"control_LIA_latrine_LIA",10673
"ASV_17552","ASV_17552",0.00819645893398388,0.943610085384786,0.00882596423201943,0.928675747885791,0,221.747,15858,1,0.002,"control_LIA_latrine_LIA",17552
"ASV_19415","ASV_19415",0.0495752199305094,0.951903468782599,0.0742826713301371,0.667386067878206,0,1341.208,18889,1,0.007,"latrine_1931-1962_control_1931-1962",19415
"ASV_18755","ASV_18755",0.0388104285256647,0.951903468782599,0.0566114051365824,0.685558474163103,0,1049.97733333333,18061,1,0.002,"latrine_1931-1962_control_1931-1962",18755
"ASV_2726","ASV_2726",0.0265509474877406,0.951903468782599,0.0382380591417281,0.694359182544551,718.309333333333,0,2534,0.991474927978479,0.024,"latrine_1931-1962_control_1931-1962",2726
"ASV_13800","ASV_13800",0.0210782303705347,0.951903468782599,0.0301925466310521,0.69812694596806,0.322666666666667,570.358,11827,1,0.007,"latrine_1931-1962_control_1931-1962",13800
"ASV_12302","ASV_12302",0.0207817205095981,0.951903468782599,0.0273257664531637,0.760517387324448,0,562.228666666667,9951,1,0.045,"latrine_1931-1962_control_1931-1962",12302
"ASV_19084","ASV_19084",0.011652793179074,0.951903468782599,0.0174791897686109,0.666666666666667,0,315.254666666667,18483,1,0.033,"latrine_1931-1962_control_1931-1962",19084
"ASV_14467","ASV_14467",0.0108668835169168,0.951903468782599,0.0163003252753752,0.666666666666667,293.992666666667,0,12690,1,0.023,"latrine_1931-1962_control_1931-1962",14467
"ASV_16733","ASV_16733",0.0103147039254824,0.951903468782599,0.0154720558882236,0.666666666666667,0,279.054,15643,1,0.05,"latrine_1931-1962_control_1931-1962",16733
"ASV_10650","ASV_10650",0.0101680260877422,0.951903468782599,0.00879081194761504,1.15666518045592,8.15866666666667,277.805333333333,8039,1,0.006,"latrine_1931-1962_control_1931-1962",10650
"ASV_16732","ASV_16732",0.00880808752864641,0.951903468782599,0.0132121312929696,0.666666666666667,238.294,0,15642,1,0.012,"latrine_1931-1962_control_1931-1962",16732
"ASV_2726","ASV_2726",0.0265509474877406,0.975515876888199,0.0366674921569727,0.724100447722919,718.309333333333,0,11373,0.99651565483327,0.01,"latrine_1931-1962_control_1984-2024",2726
"ASV_14467","ASV_14467",0.0108668835169168,0.975515876888199,0.0156308155436341,0.695221787153807,293.992666666667,0,12850,1,0.035,"latrine_1931-1962_control_1984-2024",14467
"ASV_16732","ASV_16732",0.00880808752864641,0.975515876888199,0.0126694641787711,0.695221787153807,238.294,0,15627,1,0.017,"latrine_1931-1962_control_1984-2024",16732
"ASV_16172","ASV_16172",0.00476142283334565,0.975515876888199,0.00551640180029042,0.863139235632723,127.928,10.8666,14957,1,0.019,"latrine_1931-1962_control_1984-2024",16172
"ASV_20090","ASV_20090",0.00392678839851162,0.975515876888199,0.00557567796541814,0.704271018316808,106.235333333333,0,19797,1,0.041,"latrine_1931-1962_control_1984-2024",20090
"ASV_10602","ASV_10602",0.0038451738498312,0.975515876888199,0.00438974985462024,0.875943727359347,104.027333333333,0,8227,1,0.043,"latrine_1931-1962_control_1984-2024",10602
"ASV_13156","ASV_13156",0.00367554520588453,0.975515876888199,0.00312173173482593,1.17740584973407,101.478666666667,11.2462,11206,1,0.04,"latrine_1931-1962_control_1984-2024",13156
"ASV_3195","ASV_3195",0.00352177127227027,0.975515876888199,0.00506568024383726,0.695221787153807,95.278,0,17452,0.999926878267241,0.001,"latrine_1931-1962_control_1984-2024",3195
"ASV_3128","ASV_3128",0.0035055075035115,0.975515876888199,0.00453246740780948,0.773421447547859,94.838,0,67,0.999672350374386,0.004,"latrine_1931-1962_control_1984-2024",3128
"ASV_14417","ASV_14417",0.00322471107168379,0.975515876888199,0.00208864112109281,1.54392779071427,87.2413333333333,0,12785,1,0.001,"latrine_1931-1962_control_1984-2024",14417
"ASV_14414","ASV_14414",0.0276908035780291,0.950699046351741,0.03988348352636,0.694292502301801,742.818,18.987,11662,1,0.026,"latrine_1931-1962_control_LIA",14414
"ASV_2726","ASV_2726",0.026425402281856,0.950699046351741,0.037654783178631,0.70178075801144,718.309333333333,3.4015,12864,0.976093075489943,0.008,"latrine_1931-1962_control_LIA",2726
"ASV_14467","ASV_14467",0.0108668835169168,0.950699046351741,0.0160514507327523,0.67700320038633,293.992666666667,0,11738,1,0.016,"latrine_1931-1962_control_LIA",14467
"ASV_16732","ASV_16732",0.00880808752864641,0.950699046351741,0.0130104075189306,0.67700320038633,238.294,0,15055,1,0.016,"latrine_1931-1962_control_LIA",16732
"ASV_18901","ASV_18901",0.00660341046302457,0.950699046351741,0.00975388367330664,0.67700320038633,178.648666666667,0,18019,1,0.028,"latrine_1931-1962_control_LIA",18901
"ASV_15991","ASV_15991",0.00611336586087085,0.950699046351741,0.00438222737064677,1.39503620962702,0,165.391,13933,1,0.009,"latrine_1931-1962_control_LIA",15991
"ASV_10652","ASV_10652",0.00532590374805944,0.950699046351741,0.00536247621131378,0.99317992997765,0,144.087,7045,1,0.004,"latrine_1931-1962_control_LIA",10652
"ASV_14443","ASV_14443",0.00519832557108006,0.950699046351741,0.00428255704135773,1.21383685514951,62.0273333333333,140.6355,11703,1,0.014,"latrine_1931-1962_control_LIA",14443
"ASV_10647","ASV_10647",0.0051605123087159,0.950699046351741,0.00454363303235035,1.13576784744133,0,139.6125,7038,1,0.021,"latrine_1931-1962_control_LIA",10647
"ASV_10791","ASV_10791",0.00486859614105123,0.950699046351741,0.00531127239085432,0.916653446250404,0,131.715,7210,1,0.002,"latrine_1931-1962_control_LIA",10791
"ASV_14414","ASV_14414",0.0282568648710809,0.919434217983786,0.0379052628205461,0.745460201789303,742.818,64.9296666666667,12051,1,0.01,"latrine_1931-1962_control_LIA-1931",14414
"ASV_2726","ASV_2726",0.0265336857149898,0.919434217983786,0.0370963875584011,0.715263330512104,718.309333333333,0.467,3738,0.981146977862446,0.004,"latrine_1931-1962_control_LIA-1931",2726
"ASV_14467","ASV_14467",0.0110906089056455,0.919434217983786,0.0152409429231637,0.727685220104694,293.992666666667,18.158,12120,1,0.01,"latrine_1931-1962_control_LIA-1931",14467
"ASV_16169","ASV_16169",0.00923817796505754,0.919434217983786,0.00759354930715026,1.21658233737399,6.156,256.085666666667,14570,1,0.011,"latrine_1931-1962_control_LIA-1931",16169
"ASV_16732","ASV_16732",0.00880808752864641,0.919434217983786,0.0128176500848099,0.687184270936277,238.294,0,15344,1,0.01,"latrine_1931-1962_control_LIA-1931",16732
"ASV_18901","ASV_18901",0.00667709437092892,0.919434217983786,0.00940867955874726,0.709673905805542,178.648666666667,5.98033333333333,18109,1,0.02,"latrine_1931-1962_control_LIA-1931",18901
"ASV_16172","ASV_16172",0.0046373384917408,0.919434217983786,0.00566337193542645,0.818829938173857,127.928,7.40833333333333,14573,1,0.035,"latrine_1931-1962_control_LIA-1931",16172
"ASV_20090","ASV_20090",0.00392678839851162,0.919434217983786,0.00564089279056207,0.696128883194099,106.235333333333,0,19669,1,0.049,"latrine_1931-1962_control_LIA-1931",20090
"ASV_10602","ASV_10602",0.0038451738498312,0.919434217983786,0.00444109370391897,0.865816869938613,104.027333333333,0,7262,1,0.045,"latrine_1931-1962_control_LIA-1931",10602
"ASV_3195","ASV_3195",0.00352177127227027,0.919434217983786,0.00512492998053044,0.687184270936277,95.278,0,12199,0.990325728362291,0.001,"latrine_1931-1962_control_LIA-1931",3195
"ASV_16731","ASV_16731",0.0276258544639117,0.831059761957566,0.0211306584152015,1.30738256807168,627.484,425.6612,15760,1,0.046,"latrine_1931-1962_latrine_1984-2024",16731
"ASV_2726","ASV_2726",0.0265427934254947,0.831059761957566,0.036667500598141,0.723877902570769,718.309333333333,0.2206,1510,0.998976760316952,0.004,"latrine_1931-1962_latrine_1984-2024",2726
"ASV_10589","ASV_10589",0.0180135284985584,0.831059761957566,0.0247037845037959,0.729180927553449,479.290666666667,24.142,8274,1,0.008,"latrine_1931-1962_latrine_1984-2024",10589
"ASV_14467","ASV_14467",0.0108668835169168,0.831059761957566,0.0156308155436341,0.695221787153807,293.992666666667,0,12938,1,0.036,"latrine_1931-1962_latrine_1984-2024",14467
"ASV_16732","ASV_16732",0.00880808752864641,0.831059761957566,0.0126694641787711,0.695221787153807,238.294,0,15761,1,0.019,"latrine_1931-1962_latrine_1984-2024",16732
"ASV_18901","ASV_18901",0.00660341046302457,0.831059761957566,0.00949827894499467,0.695221787153807,178.648666666667,0,18374,1,0.048,"latrine_1931-1962_latrine_1984-2024",18901
"ASV_13159","ASV_13159",0.00565746285207363,0.831059761957566,0.00593740741064506,0.95285070752101,135.99,53.3754,11265,1,0.017,"latrine_1931-1962_latrine_1984-2024",13159
"ASV_16172","ASV_16172",0.00469626179739287,0.831059761957566,0.00563484568057222,0.833432193819363,127.928,5.578,15099,1,0.019,"latrine_1931-1962_latrine_1984-2024",16172
"ASV_20090","ASV_20090",0.00416840393287499,0.831059761957566,0.00501001036322228,0.832015032039575,106.235333333333,22.8932,19833,1,0.018,"latrine_1931-1962_latrine_1984-2024",20090
"ASV_10602","ASV_10602",0.0038451738498312,0.831059761957566,0.00438974985462024,0.875943727359347,104.027333333333,0,8288,1,0.03,"latrine_1931-1962_latrine_1984-2024",10602
"ASV_16731","ASV_16731",0.0281908959858062,0.820619033537863,0.0321708447540064,0.876287091662254,627.484,449.9285,15598,1,0.05,"latrine_1931-1962_latrine_LIA",16731
"ASV_14414","ASV_14414",0.0274728813976984,0.820619033537863,0.0405092508916064,0.678187840876388,742.818,1.3,12508,1,0.034,"latrine_1931-1962_latrine_LIA",14414
"ASV_2726","ASV_2726",0.0261986828811513,0.820619033537863,0.0375861704988463,0.697029852561208,718.309333333333,12.0335,17418,0.993828228549544,0.016,"latrine_1931-1962_latrine_LIA",2726
"ASV_13169","ASV_13169",0.0232912138685592,0.820619033537863,0.0150683472423316,1.54570461471229,394.042,731.1315,10875,1,0.017,"latrine_1931-1962_latrine_LIA",13169
"ASV_10589","ASV_10589",0.0178135765506025,0.820619033537863,0.0258835519559172,0.68821993909264,479.290666666667,7.9135,7900,1,0.023,"latrine_1931-1962_latrine_LIA",10589
"ASV_14467","ASV_14467",0.0109202274463419,0.820619033537863,0.0158964988158751,0.686958025967098,293.992666666667,4.3295,12582,1,0.014,"latrine_1931-1962_latrine_LIA",14467
"ASV_16732","ASV_16732",0.00974456026219167,0.820619033537863,0.0114353939888137,0.852140317309918,238.294,76.006,15599,1,0.004,"latrine_1931-1962_latrine_LIA",16732
"ASV_17552","ASV_17552",0.00819645893398388,0.820619033537863,0.00730252585842846,1.12241422938936,49.0053333333333,221.747,16571,1,0.008,"latrine_1931-1962_latrine_LIA",17552
"ASV_18901","ASV_18901",0.00660341046302457,0.820619033537863,0.00975388367330664,0.67700320038633,178.648666666667,0,18280,1,0.024,"latrine_1931-1962_latrine_LIA",18901
"ASV_16172","ASV_16172",0.00498255341169513,0.820619033537863,0.00497244599182577,1.00203268570156,127.928,63.238,14902,1,0.016,"latrine_1931-1962_latrine_LIA",16172
"ASV_14414","ASV_14414",0.0276661040059798,0.841861766179575,0.0393642670680307,0.702822789972598,742.818,16.9823333333333,12766,1,0.024,"latrine_1931-1962_latrine_LIA-1931",14414
"ASV_2726","ASV_2726",0.0267026071314162,0.841861766179575,0.0352013937876077,0.758566757115638,718.309333333333,72.833,9084,0.998127977896001,0.006,"latrine_1931-1962_latrine_LIA-1931",2726
"ASV_10589","ASV_10589",0.0179200200422201,0.841861766179575,0.0252123355373449,0.710763983593534,479.290666666667,16.5526666666667,8147,1,0.024,"latrine_1931-1962_latrine_LIA-1931",10589
"ASV_14467","ASV_14467",0.0108668835169168,0.841861766179575,0.0158136383158346,0.687184270936277,293.992666666667,0,12840,1,0.025,"latrine_1931-1962_latrine_LIA-1931",14467
"ASV_16732","ASV_16732",0.00880808752864641,0.841861766179575,0.0128176500848099,0.687184270936277,238.294,0,15732,1,0.014,"latrine_1931-1962_latrine_LIA-1931",16732
"ASV_18901","ASV_18901",0.00660341046302457,0.841861766179575,0.00960937370412675,0.687184270936277,178.648666666667,0,18332,1,0.034,"latrine_1931-1962_latrine_LIA-1931",18901
"ASV_16172","ASV_16172",0.00486010694660063,0.841861766179575,0.00521840252127027,0.931339988969953,127.928,37.94,15053,1,0.022,"latrine_1931-1962_latrine_LIA-1931",16172
"ASV_20090","ASV_20090",0.00433819603591172,0.841861766179575,0.00526949128159721,0.823266574339371,106.235333333333,35.2146666666667,19815,1,0.013,"latrine_1931-1962_latrine_LIA-1931",20090
"ASV_10602","ASV_10602",0.00429453028100178,0.841861766179575,0.00455985831874774,0.94181221888955,104.027333333333,46.8326666666667,8160,1,0.005,"latrine_1931-1962_latrine_LIA-1931",10602
"ASV_3195","ASV_3195",0.00352177127227027,0.841861766179575,0.00512492998053044,0.687184270936277,95.278,0,95,1,0.001,"latrine_1931-1962_latrine_LIA-1931",3195
"ASV_18287","ASV_18287",0.027552857248466,0.965964515413617,0.0448102017247462,0.61487911653944,0,745.415,16964,1,0.001,"latrine_1984-2024_control_LIA",18287
"ASV_18294","ASV_18294",0.0246583314851778,0.965964515413617,0.0418831751127367,0.588740739421143,0,667.1065,16972,1,0.001,"latrine_1984-2024_control_LIA",18294
"ASV_14196","ASV_14196",0.0222288977600355,0.965964515413617,0.0249429535633539,0.891189477764738,610.141,12.755,10835,1,0.033,"latrine_1984-2024_control_LIA",14196
"ASV_19023","ASV_19023",0.0112510534486582,0.965964515413617,0.0197356533055954,0.570087712549569,0,304.386,18010,1,0.001,"latrine_1984-2024_control_LIA",19023
"ASV_10673","ASV_10673",0.00911026095956236,0.965964515413617,0.0154818269611527,0.588448700687716,0,246.469,6572,1,0.002,"latrine_1984-2024_control_LIA",10673
"ASV_19374","ASV_19374",0.00788140755525985,0.965964515413617,0.0137629015070299,0.572655958573427,0.9602,212.7435,18558,1,0.041,"latrine_1984-2024_control_LIA",19374
"ASV_15991","ASV_15991",0.00610788792784801,0.965964515413617,0.00424914596593108,1.43743895286723,0.1482,165.391,13510,1,0.002,"latrine_1984-2024_control_LIA",15991
"ASV_18286","ASV_18286",0.00544516522510535,0.965964515413617,0.00952631127966867,0.571592200301765,0,147.3135,16963,1,0.001,"latrine_1984-2024_control_LIA",18286
"ASV_10652","ASV_10652",0.00532590374805944,0.965964515413617,0.00519958629424297,1.02429375082328,0,144.087,6551,1,0.001,"latrine_1984-2024_control_LIA",10652
"ASV_14443","ASV_14443",0.00519832557108006,0.965964515413617,0.00547598267499233,0.949295474366589,0,140.6355,11183,1,0.003,"latrine_1984-2024_control_LIA",14443
"ASV_17750","ASV_17750",0.0267363421305537,0.868539897981814,0.046898646545077,0.570087712549569,0,723.325,16633,1,0.001,"latrine_1984-2024_latrine_LIA",17750
"ASV_13169","ASV_13169",0.023980191468914,0.868539897981814,0.0202455455588559,1.18446753628847,194.4474,731.1315,10539,1,0.01,"latrine_1984-2024_latrine_LIA",13169
"ASV_18402","ASV_18402",0.0114872403341465,0.868539897981814,0.0149778377661568,0.766949176075503,37.7174,323.649,17452,1,0.014,"latrine_1984-2024_latrine_LIA",18402
"ASV_17552","ASV_17552",0.00819645893398389,0.868539897981814,0.00859592589327428,0.953528338395408,1.6924,221.747,16361,1,0.002,"latrine_1984-2024_latrine_LIA",17552
"ASV_18394","ASV_18394",0.00802346418274562,0.868539897981814,0.0101954320594807,0.786966568551118,85.9538,204.027,17444,1,0.028,"latrine_1984-2024_latrine_LIA",18394
"ASV_17562","ASV_17562",0.00595086493679308,0.868539897981814,0.0102462928244341,0.580782243759637,3.0054,159.492,16373,1,0.01,"latrine_1984-2024_latrine_LIA",17562
"ASV_19558","ASV_19558",0.00448102683521845,0.868539897981814,0.00761476903712548,0.588465232940277,3.9894,119.235,18993,1,0.011,"latrine_1984-2024_latrine_LIA",19558
"ASV_18900","ASV_18900",0.00401179123235011,0.868539897981814,0.00589002603504145,0.681116044051898,0.191,108.6305,18129,1,0.008,"latrine_1984-2024_latrine_LIA",18900
"ASV_13168","ASV_13168",0.00369822207436978,0.868539897981814,0.00410821400519172,0.900201905182198,31.5372,97.2185,10538,1,0.025,"latrine_1984-2024_latrine_LIA",13168
"ASV_16317","ASV_16317",0.0034016226805648,0.868539897981814,0.00596684090129206,0.570087712549569,0,92.0275,14854,1,0.001,"latrine_1984-2024_latrine_LIA",16317
"ASV_19415","ASV_19415",0.0495790394519603,0.954057547456527,0.0720277818038165,0.688332171425183,1.274,1341.208,18742,1,0.004,"latrine_LIA-1931_control_1931-1962",19415
"ASV_18755","ASV_18755",0.0387966782484414,0.954057547456527,0.0549006462721046,0.706670702128953,1.116,1049.97733333333,17850,1,0.001,"latrine_LIA-1931_control_1931-1962",18755
"ASV_13800","ASV_13800",0.0210822059584535,0.954057547456527,0.029297124106974,0.719599844731347,0,570.358,11336,1,0.001,"latrine_LIA-1931_control_1931-1962",13800
"ASV_12302","ASV_12302",0.0207817205095981,0.954057547456527,0.0265098873852597,0.783923379514369,0,562.228666666667,9484,1,0.021,"latrine_LIA-1931_control_1931-1962",12302
"ASV_19084","ASV_19084",0.011652793179074,0.954057547456527,0.0169573048626349,0.687184270936277,0,315.254666666667,18318,1,0.017,"latrine_LIA-1931_control_1931-1962",19084
"ASV_16733","ASV_16733",0.0103147039254824,0.954057547456527,0.0150100989817895,0.687184270936277,0,279.054,15361,1,0.035,"latrine_LIA-1931_control_1931-1962",16733
"ASV_10650","ASV_10650",0.0102685493211109,0.954057547456527,0.00876505525819678,1.17153275348813,0,277.805333333333,7568,1,0.001,"latrine_LIA-1931_control_1931-1962",10650
"ASV_19000","ASV_19000",0.00690125920997511,0.954057547456527,0.0100428072961744,0.687184270936277,0,186.706666666667,18218,1,0.001,"latrine_LIA-1931_control_1931-1962",19000
"ASV_11511","ASV_11511",0.0062931913949878,0.954057547456527,0.00605578563321424,1.03920313170788,170.256,0,8515,1,0.032,"latrine_LIA-1931_control_1931-1962",11511
"ASV_17541","ASV_17541",0.00618382165709733,0.954057547456527,0.00583185665920083,1.06035213457128,75.012,158.953333333333,16340,1,0.022,"latrine_LIA-1931_control_1931-1962",17541
"ASV_17512","ASV_17512",0.0657792612306252,0.964478191764619,0.0697460495441882,0.943125261724682,142.779,1843.1486,16374,1,0.021,"latrine_LIA-1931_control_1984-2024",17512
"ASV_12230","ASV_12230",0.0195870850890811,0.964478191764619,0.0356783349493341,0.548991008602173,530.545,0.636,9643,1,0.001,"latrine_LIA-1931_control_1984-2024",12230
"ASV_18834","ASV_18834",0.0163231610852369,0.964478191764619,0.0194782494859031,0.838019920478502,0.0683333333333333,441.6478,18065,1,0.021,"latrine_LIA-1931_control_1984-2024",18834
"ASV_19024","ASV_19024",0.013543214804958,0.964478191764619,0.0216261442818169,0.626242691645456,340.906,57.8866,18312,1,0.016,"latrine_LIA-1931_control_1984-2024",19024
"ASV_17443","ASV_17443",0.00916188364012715,0.964478191764619,0.0114185324118867,0.802369631196181,0,247.8656,16280,1,0.021,"latrine_LIA-1931_control_1984-2024",17443
"ASV_12161","ASV_12161",0.00899273551662108,0.964478191764619,0.00933342088944849,0.963498338191031,0.0863333333333333,243.324,9555,1,0.011,"latrine_LIA-1931_control_1984-2024",12161
"ASV_10826","ASV_10826",0.00851174194820236,0.964478191764619,0.00801654765240011,1.0617715152799,32.1826666666667,256.0228,8008,1,0.014,"latrine_LIA-1931_control_1984-2024",10826
"ASV_10637","ASV_10637",0.00771224218230206,0.964478191764619,0.0114835582587194,0.671589938288178,208.647,0,7796,1,0.02,"latrine_LIA-1931_control_1984-2024",10637
"ASV_17981","ASV_17981",0.00676867992410241,0.964478191764619,0.00765317755165219,0.884427400046556,12.4383333333333,188.0952,16955,1,0.048,"latrine_LIA-1931_control_1984-2024",17981
"ASV_11511","ASV_11511",0.0062931913949878,0.964478191764619,0.0059348305122542,1.06038266501354,170.256,0,8787,1,0.001,"latrine_LIA-1931_control_1984-2024",11511
"ASV_18287","ASV_18287",0.027552857248466,0.95811304551391,0.0451981760787887,0.609601086566776,0,745.415,16966,1,0.001,"latrine_LIA-1931_control_LIA",18287
"ASV_18294","ASV_18294",0.0246583314851778,0.95811304551391,0.0422458067721393,0.583687077351301,0,667.1065,16974,1,0.001,"latrine_LIA-1931_control_LIA",18294
"ASV_18273","ASV_18273",0.0207833715285478,0.95811304551391,0.0299008178751117,0.695077024827709,145.345666666667,489.6005,16949,1,0.018,"latrine_LIA-1931_control_LIA",18273
"ASV_19023","ASV_19023",0.0112510534486582,0.95811304551391,0.0199065279512817,0.565194165260439,0,304.386,17974,1,0.001,"latrine_LIA-1931_control_LIA",19023
"ASV_10673","ASV_10673",0.00911026095956236,0.95811304551391,0.0156158712542703,0.583397545434493,0,246.469,6528,1,0.002,"latrine_LIA-1931_control_LIA",10673
"ASV_19374","ASV_19374",0.00787230477316971,0.95811304551391,0.0138979673583116,0.566435693091602,0.467666666666667,212.7435,18536,1,0.04,"latrine_LIA-1931_control_LIA",19374
"ASV_11511","ASV_11511",0.0062931913949878,0.95811304551391,0.0060117429713662,1.04681644324485,170.256,0,7479,1,0.011,"latrine_LIA-1931_control_LIA",11511
"ASV_15991","ASV_15991",0.00611336586087085,0.95811304551391,0.00428590291850227,1.42638925265419,0,165.391,13475,1,0.002,"latrine_LIA-1931_control_LIA",15991
"ASV_18286","ASV_18286",0.00544516522510535,0.95811304551391,0.00960879170427913,0.566685738715766,0,147.3135,16965,1,0.001,"latrine_LIA-1931_control_LIA",18286
"ASV_10652","ASV_10652",0.00532590374805944,0.95811304551391,0.00524460519744248,1.0155013671299,0,144.087,6505,1,0.001,"latrine_LIA-1931_control_LIA",10652
"ASV_14196","ASV_14196",0.021452297873389,0.846824703679062,0.022302821973416,0.961864731689973,140.602333333333,610.141,12318,1,0.027,"latrine_LIA-1931_latrine_1984-2024",14196
"ASV_12230","ASV_12230",0.0191769350188512,0.846824703679062,0.0349557893089742,0.548605406942646,530.545,52.6116,9866,1,0.004,"latrine_LIA-1931_latrine_1984-2024",12230
"ASV_19024","ASV_19024",0.0126009462556369,0.846824703679062,0.0223925280578162,0.562729952737001,340.906,0,18410,1,0.023,"latrine_LIA-1931_latrine_1984-2024",19024
"ASV_10637","ASV_10637",0.00846522017693009,0.846824703679062,0.0112960047096862,0.749399490748375,208.647,52.9472,8019,1,0.007,"latrine_LIA-1931_latrine_1984-2024",10637
"ASV_15028","ASV_15028",0.00578941130085508,0.846824703679062,0.0111948482358096,0.517149601218902,139.295666666667,25.9966,13383,1,0.031,"latrine_LIA-1931_latrine_1984-2024",15028
"ASV_11511","ASV_11511",0.00547208299450482,0.846824703679062,0.0054915800913541,0.996449638077758,170.256,45.9618,9010,1,0.003,"latrine_LIA-1931_latrine_1984-2024",11511
"ASV_13843","ASV_13843",0.00509254330844484,0.846824703679062,0.00543564726299474,0.936878914699687,80.6556666666667,104.1802,11866,1,0.034,"latrine_LIA-1931_latrine_1984-2024",13843
"ASV_13419","ASV_13419",0.00500083290209704,0.846824703679062,0.00777784401911109,0.642958754355243,112.092,48.5512,11304,1,0.023,"latrine_LIA-1931_latrine_1984-2024",13419
"ASV_13139","ASV_13139",0.00453393213572854,0.846824703679062,0.00828567288940446,0.547201439912797,122.661,0,10936,1,0.001,"latrine_LIA-1931_latrine_1984-2024",13139
"ASV_14410","ASV_14410",0.00448511372317094,0.846824703679062,0.00547409692838415,0.819333998255465,54.2313333333333,97.8092,12597,1,0.038,"latrine_LIA-1931_latrine_1984-2024",14410
"ASV_17750","ASV_17750",0.0267363421305537,0.855177613907987,0.0473047030098652,0.565194165260439,0,723.325,16633,1,0.001,"latrine_LIA-1931_latrine_LIA",17750
"ASV_13169","ASV_13169",0.0246061765358173,0.855177613907987,0.0216704624294999,1.13547076421964,131.980333333333,731.1315,10480,1,0.01,"latrine_LIA-1931_latrine_LIA",13169
"ASV_18402","ASV_18402",0.0117131354574801,0.855177613907987,0.0155889391142943,0.75137476460728,6.94533333333333,323.649,17444,1,0.006,"latrine_LIA-1931_latrine_LIA",18402
"ASV_17552","ASV_17552",0.00819645893398388,0.855177613907987,0.00766933445913268,1.06873144960101,42.082,221.747,16366,1,0.004,"latrine_LIA-1931_latrine_LIA",17552
"ASV_17562","ASV_17562",0.00589532047017077,0.855177613907987,0.0104306109873838,0.565194165260439,0,159.492,16382,1,0.045,"latrine_LIA-1931_latrine_LIA",17562
"ASV_11511","ASV_11511",0.00586557132648284,0.855177613907987,0.00600692534020356,0.976468158714299,170.256,11.766,8506,1,0.017,"latrine_LIA-1931_latrine_LIA",11511
"ASV_19558","ASV_19558",0.00440729651807496,0.855177613907987,0.00779784503975567,0.565194165260439,0,119.235,18958,1,0.04,"latrine_LIA-1931_latrine_LIA",19558
"ASV_18900","ASV_18900",0.00401532120943299,0.855177613907987,0.0059434692144986,0.675585430751108,0,108.6305,18101,1,0.01,"latrine_LIA-1931_latrine_LIA",18900
"ASV_13168","ASV_13168",0.00389834528473916,0.855177613907987,0.00390159127181644,0.999168035078219,53.714,97.2185,10479,1,0.021,"latrine_LIA-1931_latrine_LIA",13168
"ASV_16317","ASV_16317",0.0034016226805648,0.855177613907987,0.00601850282548006,0.565194165260439,0,92.0275,14836,1,0.001,"latrine_LIA-1931_latrine_LIA",16317
